inst_name,code,num_grants,state
"123 SEE, INC.",MA,2,Massachusetts
"1442 S. FALLON STREET, LLC",PA,1,Pennsylvania
2INNOVATE LLC,MI,1,Michigan
"2KR SYSTEMS, LLC",NH,2,New Hampshire
2PI INC.,MA,1,Massachusetts
2WITECH SOLUTIONS LLC,MA,1,Massachusetts
"37DEGREES, INC.",IL,1,Illinois
3D MICROFLUIDICS LLC,NY,1,New York
3DFortify Inc.,MA,1,Massachusetts
"3FATES-XRAY, INC.",CA,1,California
"3I Diagnostics, Inc.",MD,1,Maryland
"3VO MEDICAL, INC",CA,1,California
"4-D AVIONIC SYSTEMS, LLC",KS,2,Kansas
"42BIO, LLC",FL,1,Florida
"4thought Technologies, Inc.",NY,1,New York
A CUBED DESIGN LLC,IL,1,Illinois
"A-Alpha Bio, Inc.",WA,2,Washington
AALMV INC.,FL,2,Florida
AAVSO,MA,2,Massachusetts
ABBERIT LLC,WA,1,Washington
"ABSCO THERAPEUTICS, INC.",MA,1,Massachusetts
"ABSTRACTIVE HEALTH, INC.",NY,2,New York
"ACADEMIC WEB PAGES, INC.",NJ,1,New Jersey
"ACATECHOL, INC.",CA,2,California
ACLARITY INC.,MA,1,Massachusetts
"ACRIGEN BIOSCIENCES, INC.",CA,2,California
"ACROSS AI, INC",CA,1,California
"ACTIVATE GLOBAL, INC.",CA,2,California
ACTIVECHARGE LLC,MD,1,Maryland
ACTUALIZATION AI LLC,FL,1,Florida
ADA TECH LLC,MA,1,Massachusetts
ADAPTIVE WAVES INC.,MA,1,Massachusetts
ADAVANCE NANOLYTICS INC,TX,1,Texas
ADAXIUS CORP,MI,1,Michigan
ADDEN ENERGY INC,MA,1,Massachusetts
"ADEPT MATERIALS, INC",RI,2,Rhode Island
ADIALANTE L.L.C.,MN,2,Minnesota
ADVANCED CARPET RECYCLING LLC,TX,1,Texas
ADVANCED GROWING RESOURCES INC.,NY,2,New York
"ADVANCED REGENERATIVE MANUFACTURING INSTITUTE, INC.",NH,1,New Hampshire
"ADVANCED REMOTE SENSING, INC.",SD,1,South Dakota
ADVENT Diamond,AZ,1,Arizona
ADVISORY AEROSPACE OSC LLC,MN,2,Minnesota
"AEON SCIENCES, LLC",WV,1,West Virginia
AEPNUS TECHNOLOGY INC,CA,1,California
"AERHART, LLC",CA,1,California
"AERIS WATER TECHNOLOGIES, LLC",GA,1,Georgia
AEROMUTABLE CORPORATION,CA,2,California
"AEROSENS, LLC",FL,1,Florida
"AEROSHIELD MATERIALS, INC.",MA,2,Massachusetts
"AESIR TECHNOLOGIES, INC.",MO,1,Missouri
AFFECTIFI INC.,NY,1,New York
AFFERENCE INC,CO,1,Colorado
"AG350, INC.",NJ,1,New Jersey
"AGIL THERAPEUTICS, INC.",CA,1,California
AGRAFILMS INC,WI,1,Wisconsin
AGTEC INNOVATIONS INC,CA,1,California
AI ACUITY,CA,1,California
AI LINEAR INC.,CA,2,California
"AI METRICS, LLC",AL,1,Alabama
AI POW LLC,TX,2,Texas
AI SENSE LLC,MD,1,Maryland
AI-NEOTECH LLC,FL,1,Florida
"AI-RIS, LLC",TX,1,Texas
"AIDAR HEALTH, INC",MD,2,Maryland
AIFLY VENTURES,CA,1,California
AIKIDO TECHNOLOGIES INC,CA,1,California
"AIR COMPANY HOLDINGS, INC.",NY,2,New York
"AIR FORCE, UNITED STATES DEPARTMENT OF THE",CA,1,California
"AIRITY TECHNOLOGIES, INC.",CA,1,California
"AIRMETTLE, INC.",TX,1,Texas
AIROMATIX INC.,OR,1,Oregon
"AKORN TECHNOLOGY, INC.",CA,2,California
AKROBOTIX LLC,NY,1,New York
"AKTTYVA THERAPEUTICS, INC.",MA,2,Massachusetts
"AL-POWER, INC.",LA,1,Louisiana
ALAMO COMMUNITY COLLEGE DISTRICT - St. Philip's College,TX,3,Texas
ALASKA CONSERVATION FOUNDATION,AK,1,Alaska
ALCHEMY COATINGS INC,OR,1,Oregon
"ALERJE, INC.",MI,2,Michigan
ALGOFACE INC,AZ,1,Arizona
ALIENBYTE SCIENTIFIC SOFTWARE INC,MD,1,Maryland
"ALIRO TECHNOLOGIES, INC.",MA,1,Massachusetts
ALL-IN PEPPERS AND SPECIALTY PRODUCE LLC,WI,1,Wisconsin
"ALLBEAMS, INC.",FL,1,Florida
"ALLIUM ENGINEERING, INC",MA,1,Massachusetts
ALLOY ENTERPRISES INC.,MA,2,Massachusetts
"ALSUS MEDICAL, INC.",CA,1,California
"ALTAY THERAPEUTICS, INC.",CA,1,California
"ALTECT, INC.",TX,1,Texas
"ALTERNATIVE ENERGY MATERIALS, LLC",WA,1,Washington
"ALTYX SURGICAL, INC.",IL,2,Illinois
ALUMINIO INC.,CA,1,California
"ALVA HEALTH, INC.",TX,1,Texas
"AM BATTERIES, Inc.",MA,1,Massachusetts
"AMBOTS, INC.",AR,1,Arkansas
"AMCYT, INC.",CA,1,California
AMERICAN MAGNET CO LLC,FL,1,Florida
AMERICAN PRIME SUSTAINABLE SOLUTIONS LLC,OK,1,Oklahoma
AMHYTECH LLC,MI,1,Michigan
AMIE HEALTH INC.,CO,1,Colorado
"AMPHIX BIO, INC.",IL,2,Illinois
AMRF LLC,CA,1,California
"ANCILIA, INC.",NY,1,New York
ANELLO PHOTONICS INC.,CA,1,California
"ANEURISK, INC.",PA,1,Pennsylvania
ANGEL CAPITAL ASSOCIATION,KS,1,Kansas
"ANGIOINSIGHT, INC.",MI,1,Michigan
ANKYRBIO LLC,PA,1,Pennsylvania
"ANOVA BIOMEDICAL, INC.",NY,1,New York
ANTELOPE VALLEY UNION HIGH SCHOOL DISTRICT,CA,1,California
ANVIL DIAGNOSTICS INC.,MA,1,Massachusetts
"ANYGLABS, INC.",CA,2,California
APERTUREDATA INC.,CA,1,California
"APEXQUANTUM, INC.",MD,1,Maryland
"APOGEE SEMICONDUCTOR, INC.",TX,2,Texas
APPLIED IMPULSE INC.,OH,1,Ohio
"APPLIED OCEAN SCIENCES, LLC",VA,2,Virginia
"APPLIED RESEARCH TEAM, INC.",CO,1,Colorado
APPLIED SCIENCE & TECHNOLOGY ORGANIZATION OF AMERICA CORP,IL,1,Illinois
APPLIED SENTIENCE INC.,CA,1,California
AQUA SCIENCE LLC,DE,2,Delaware
"AQUAGENX, LLC",NC,1,North Carolina
"AQUAGGA, INC.",WA,2,Washington
"AQUAPAO, INC.",NJ,1,New Jersey
"AQUAVEO, LLC",UT,1,Utah
"AQUEDUCT FLUIDICS, LLC",PA,2,Pennsylvania
"ARACARI BIOSCIENCES, INC.",CA,1,California
ARCLET LLC,NC,1,North Carolina
"ARCTURA, INC.",RI,2,Rhode Island
ARED LLC,AK,1,Alaska
"AREN, INC.",NY,1,New York
"ARINNA, INC",CA,1,California
ARITH INC.,CA,1,California
ARIX Technologies Inc,LA,1,Louisiana
ARKANSAS RESEARCH ALLIANCE,AR,1,Arkansas
"ARMADA MARINE ROBOTICS, INC.",MA,1,Massachusetts
"ARROWHEAD BIO, INC.",MO,1,Missouri
ARTEMIS INTELLIGENCE LLC,OH,1,Ohio
"ARTIMATIC TECHNOLOGIES, INC.",GA,1,Georgia
ARTIMUS ROBOTICS INC,CO,2,Colorado
ARTYC PBC,CA,1,California
ARZEDA Corp.,WA,2,Washington
ASANTE BIO LLC,VA,2,Virginia
ASIMICA LLC,WY,1,Wyoming
"ASPERO MEDICAL, INC.",CO,2,Colorado
ASPIRING UNIVERSE CORPORATION,IL,1,Illinois
"ASSISTANCE IN MOTION, INC.",NY,1,New York
"ASSISTMENTS FOUNDATION, INC.",MA,2,Massachusetts
ASTEK DIAGNOSTICS LLC,MD,3,Maryland
ASTERION AI INC.,TX,2,Texas
ASTRABEAM LLC,NY,1,New York
"ASTRIA BIOSCIENCES, INC.",PA,1,Pennsylvania
"ASTROFORGE, INC.",CA,1,California
"ASTROLABE ANALYTICS, INC.",WA,2,Washington
"ATEL, LLC",MA,1,Massachusetts
ATHEM L.L.C.,NC,2,North Carolina
"ATHERAXON, INC.",GA,1,Georgia
ATLANTA ANALYTICS LLC,GA,1,Georgia
ATLAS AI P.B.C.,CA,1,California
"ATMOSENSE, INC.",CA,1,California
"ATMOSPHERIC & SPACE TECHNOLOGY RESEARCH ASSOCIATES, L.L.C.",CO,8,Colorado
ATOLLA TECH LLC,NY,1,New York
ATOM BIOWORKS INC,NC,2,North Carolina
ATOM COMPUTING INC.,CA,1,California
ATOM LIMBS INC.,CA,1,California
ATOMOS 3D LLC,IN,1,Indiana
ATRILITY MEDICAL LLC,WI,1,Wisconsin
"AUCTUS BIOLOGICS, INC.",NY,1,New York
"AUDIOT, INC.",CA,1,California
AUGRAY LLC,WI,1,Wisconsin
"AUGUSTA UNIVERSITY RESEARCH INSTITUTE, INC.",GA,28,Georgia
"AURA INTELLIGENT SYSTEMS, INC.",MA,1,Massachusetts
"AURAL ANALYTICS, INC.",AZ,1,Arizona
AUTHENTAG LLC,VA,1,Virginia
"AUTOMAT SOLUTIONS, INC.",CA,1,California
AUXILIUM HEALTH INC,OH,1,Ohio
"AV-CONNECT, INC.",CA,2,California
"AVALANCHE ENERGY DESIGNS, INC.",WA,1,Washington
"AVANPORE, LLC",MA,1,Massachusetts
"AVANT GENOMICS, LLC",VA,1,Virginia
"AVICENATECH, CORP.",CA,2,California
"AVIOR, INC.",NC,1,North Carolina
AXILEA LLC,OH,1,Ohio
AXPRO SEMI,CA,1,California
Aaniiih Nakoda College,MT,9,Montana
"Abbrescia, Leonardo Enrique",MI,1,Michigan
"Abdelrahman, Mustafa Kamal",TX,1,Texas
"Aboody, Rotem",CT,1,Connecticut
"Abrahams, Richard S",MO,1,Missouri
"Abram Scientific, Inc.",CA,1,California
"Abrishami, Tara",NJ,1,New Jersey
"Abugaber, David",IL,1,Illinois
Academy of Natural Sciences Philadelphia,PA,6,Pennsylvania
"Accelerate Wind, Inc.",MO,1,Missouri
Access Sensor Technologies,CO,1,Colorado
"Achenjang, Niven",MA,1,Massachusetts
"Ackerman, Katherine Louise",HI,1,Hawaii
"ActivSignal, LLC",MA,1,Massachusetts
"Active Energy Systems, Inc.",TN,1,Tennessee
Active Therapy Systems LLC,KY,1,Kentucky
"Adam, Kirsten",CA,1,California
Adams State University,CO,1,Colorado
"Adams, Katie N",KS,1,Kansas
Additive Manufacturing Innovations LLC,NY,1,New York
"Adebowale, Omokolade",CA,1,California
Adelphi University,NY,5,New York
"Adhikari, Arka",NJ,1,New Jersey
Adler Planetarium,IL,3,Illinois
"Administrative Resource Center, Treasury Franchise Services",WV,6,West Virginia
"Adriazola, Jimmie",NJ,1,New Jersey
Advaita Corporation,MI,1,Michigan
AdvanceH2O Corp.,NY,1,New York
"Advanced Cooling Technologies, Inc.",PA,1,Pennsylvania
Advanced Paving Technolgies Inc.,CA,1,California
Aerodyne Research Inc,MA,7,Massachusetts
"Aerogel Technologies, LLC",WI,1,Wisconsin
Aerosol Devices Inc.,CO,1,Colorado
Aerospace Corporation,CA,2,California
Afsartech Inc.,NJ,1,New Jersey
"Agile Focus Designs, LLC",MT,1,Montana
Agile RF Systems LLC,CO,1,Colorado
Agnes Scott College,GA,4,Georgia
"Agrawal, Devanshu",TN,1,Tennessee
"AgroSpheres, Inc.",VA,1,Virginia
"Aguilar, Jessica",CA,1,California
"Agwamba, Kennedy",CA,1,California
Air Force Institute of Tech,OH,3,Ohio
"Ajala, Rasheed",LA,1,Louisiana
"Akan, Melisa",MA,1,Massachusetts
"Akanocure Pharmaceuticals, Inc.",IN,3,Indiana
"Akhtar, Alliya",NJ,1,New Jersey
"Akopyan, Maria",CA,1,California
"Alaasam, Valentina",NV,1,Nevada
Alabama A&M University,AL,30,Alabama
Alabama State University,AL,19,Alabama
"Alama Bronsard, Yvonne",WV,1,West Virginia
Alamance Community College,NC,1,North Carolina
Alamo Community College District Northeast Lakeview College,TX,1,Texas
Alaska Native Tribal Health Consortium,AK,2,Alaska
Alaska Pacific University,AK,4,Alaska
Albany College of Pharmacy,NY,1,New York
Albany State University,GA,12,Georgia
Albert Einstein College of Medicine,NY,1,New York
Albion College,MI,1,Michigan
Albright College,PA,1,Pennsylvania
"Albright, John A",IL,1,Illinois
"Albritton, Dallas",MN,1,Minnesota
"Albuja, Analia",NJ,1,New Jersey
"Alcalde, Reinaldo Enrique",TX,1,Texas
"Alchemie Solutions, Inc.",MI,2,Michigan
Alcorn State University,MS,2,Mississippi
"Alders, Wolfgang",CA,1,California
Alfred University,NY,5,New York
Algebra Project Inc,MA,1,Massachusetts
"Ali, Omer",NC,1,North Carolina
"Alicea-Serrano, Angela M",OH,1,Ohio
Allan Hancock College,CA,2,California
"Allard, Corey Albert Harris",MA,1,Massachusetts
Allegheny College,PA,4,Pennsylvania
"Allegro 3D, Inc",CA,1,California
Allen Institute,WA,3,Washington
"Allen, Matthew L",KS,1,Kansas
"Allen, Raymond Lance",WI,1,Wisconsin
"Alligant Scientific, LLC",CO,1,Colorado
Allison Simler-Williamson,ID,1,Idaho
Alma College,MI,2,Michigan
"Alpoge, Levent",NJ,1,New Jersey
"Altigg Therapeutics, Inc.",MA,1,Massachusetts
"Altrix Medical, Inc.",VA,1,Virginia
"Alvarez Loya, Allen",CA,1,California
"Alvear, Oscar Enrique",IL,1,Illinois
Alvernia University,PA,1,Pennsylvania
Alverno College,WI,2,Wisconsin
"Alves, Michael R",CA,1,California
"Alweiss, Ryan",NJ,1,New Jersey
Amarillo College,TX,1,Texas
Amber Agriculture,IL,1,Illinois
"Amberstone Biosciences, Inc.",CA,1,California
"Ambi Robotics, Inc.",CA,2,California
"Ameer, Safwa",TX,1,Texas
"Amemiya, Jamie",CA,1,California
American Association for Aerosol Research,MA,1,Massachusetts
American Association of Physics Teachers,MD,6,Maryland
American Association of Variable Star Observrs,MA,1,Massachusetts
American Bar Foundation,IL,5,Illinois
American Council of Learned Societies,NY,1,New York
American Geological Institute,VA,2,Virginia
American Indian Higher Education Consortium,VA,11,Virginia
American Indian Science and Engineering Society (AISES),NM,5,New Mexico
American Institute of Biological Sciences,VA,4,Virginia
American Institute of Chemical Engineers,NY,37,New York
American Institute of Mathematics,CA,9,California
American Institute of Physics,MD,1,Maryland
American Institutes for Research in the Behavioral Sciences,VA,26,Virginia
American Mathematical Association of Two-Year College,TN,4,Tennessee
American Mathematical Society,RI,5,Rhode Island
American Meteorological Society,MA,8,Massachusetts
American Modeling Teachers Association,CA,1,California
American Museum Natural History,NY,51,New York
American Nanotechnologies Inc.,TN,1,Tennessee
American Philosophical Society,PA,1,Pennsylvania
American Physical Society,MD,11,Maryland
American Physiological Society,MD,1,Maryland
American Society For Cell Biology,MD,2,Maryland
American Society for Biochemistry and Molecular Biology,MD,3,Maryland
American Society of Mechanical Engineers,NY,1,New York
American Society of Plant Biologists,MD,4,Maryland
American Sociological Assoc,PA,2,Pennsylvania
American Statistical Association,VA,4,Virginia
American University of Beirut,NY,1,New York
Amherst College,MA,36,Massachusetts
"Ammerman, Lauren",TX,1,Texas
Amorphyx Incorporated,OR,1,Oregon
"AmpX Technologies, Inc.",MD,1,Maryland
"Amplified Sciences, LLC",IN,1,Indiana
Anaflash Inc.,CA,1,California
Anderson University,SC,2,South Carolina
"Anderson, Amy Susan",CA,1,California
"Anderson, Andrew P",OR,1,Oregon
"Anderson, John Robert Lacayo",NJ,1,New Jersey
"Anderson, Nolan Thomas",CA,1,California
Andluca Technologies Inc.,NJ,1,New Jersey
Andrews                 Holly          M,CA,1,California
Andrews University,MI,4,Michigan
"Anele, Anuoluwapo O",NC,1,North Carolina
Angelo State University,TX,6,Texas
Anita Borg Institute for Women and Technology,IL,1,Illinois
Ann & Robert H. Lurie Children's Hospital of Chicago,IL,1,Illinois
Anne Arundel Community College,MD,1,Maryland
"Anneberg, Thomas",NY,1,New York
Anomalee Incorporated,PA,1,Pennsylvania
"Ansa Biotechnologies, Inc.",CA,1,California
Antelope Valley College,CA,1,California
Antithesis Foods Inc.,PA,1,Pennsylvania
"Antonson, Nicholas Dolan",IL,1,Illinois
"Antora Energy, Inc.",CA,1,California
"Apigo, Austen",CA,1,California
Appalachian College Association,TN,1,Tennessee
Appalachian State University,NC,34,North Carolina
"Appel, Sabrina Marbut",NJ,1,New Jersey
Applied Computer Security Associates,MD,4,Maryland
Arapahoe Community College,CO,2,Colorado
Arcadia University,PA,2,Pennsylvania
ArchDia LLC,PA,1,Pennsylvania
Archaeology Southwest,AZ,3,Arizona
"Archbold Expeditions, Inc.",FL,2,Florida
Arieca Inc.,PA,2,Pennsylvania
Arizona State University,AZ,808,Arizona
Arizona Technology Council Foundation,AZ,2,Arizona
Arizona Western College,AZ,1,Arizona
Arkansas Childrens Hospital Research Institute,AR,1,Arkansas
Arkansas Science & Technology Authority,AR,2,Arkansas
Arkansas State University - Newport,AR,1,Arkansas
Arkansas State University Main Campus,AR,14,Arkansas
Arkansas Tech University,AR,1,Arkansas
"Armstrong-Carter, Emma",NC,1,North Carolina
"Arrowsmith, Kathleen Caroline",WA,1,Washington
Articulate.AI Inc.,NY,1,New York
"Artiushin, Gregory",MD,1,Maryland
"Asaba, Mika",MA,1,Massachusetts
Ascribe Bioscience Inc.,NY,1,New York
"Ashley, Caleb J",MA,1,Massachusetts
Aspen Center For Physics,CO,1,Colorado
Aspen Global Change Institute,CO,6,Colorado
"Associated Universities, Inc.",VA,24,Virginia
Association For Symbolic Logic,CT,4,Connecticut
"Association for Women in Mathematics, Inc.",RI,3,Rhode Island
Association of Children's Museums,VA,1,Virginia
"Association of Universities for Research in Astronomy, Inc.",AZ,14,Arizona
Assumption College,MA,2,Massachusetts
Astronomical Society of the Pacific,CA,1,California
Astrophysical Research Consortium,WA,1,Washington
Athens State University,AL,2,Alabama
"Atkinson, Joshua T",CA,1,California
Atlanta Botanical Garden,GA,2,Georgia
Atlanta Technical College,GA,1,Georgia
Atlantic Cape Community College,NJ,2,New Jersey
Atmospheric and Environmental Research Inc,MA,10,Massachusetts
Atomnaut Inc.,CA,1,California
Atrevida Science LLC,NC,1,North Carolina
Attogene Corp,TX,1,Texas
Auburn University,AL,240,Alabama
Auburn University at Montgomery,AL,6,Alabama
Augsburg University,MN,9,Minnesota
Augustana College,IL,4,Illinois
Augustana University Association,SD,9,South Dakota
"Augustine, Jonah",WI,1,Wisconsin
Aurora Flight Sciences Corporation,VA,1,Virginia
Aurora University,IL,2,Illinois
Austin College,TX,1,Texas
Austin Community College,TX,5,Texas
Austin Peay State University,TN,4,Tennessee
"Automated Controversy Detection, Inc.",MA,1,Massachusetts
"Avery, Montie S",MN,1,Minnesota
Avila University,MO,2,Missouri
"Aviles-Rodriguez, Kevin J",MA,1,Massachusetts
"Avisi Technologies, Inc",CA,1,California
"Avium, LLC",KS,1,Kansas
Axon Dx LLC,VA,2,Virginia
"Ayala, Andrea Josefina",GA,1,Georgia
Azusa Pacific University,CA,2,California
BABYLON MICRO-FARMS INC.,VA,1,Virginia
"BACKSTOP NEURAL, INC",TX,1,Texas
BACTANA CORP.,CT,1,Connecticut
BACTRIA PHARMACEUTICALS LLC,CO,1,Colorado
"BADVR, INC.",CA,1,California
BALLYDEL TECHNOLOGIES INC.,DE,2,Delaware
BANYU CARBON INC,WA,1,Washington
"BAONANO, LLC",AZ,1,Arizona
BARLEY & BRITCHES INC.,NY,1,New York
"BASS AGRITECH, INC",MO,1,Missouri
"BATTERY STREAK, INC.",CA,1,California
BAY AREA BIOSCIENCE EDUCATION COMMUNITY,CA,1,California
"BBC Studios Americas, Inc.",NY,2,New York
"BDYWR, LLC",IN,1,Indiana
BEAMFEED LLC,NY,1,New York
"BEAMLINK, INC.",CA,2,California
BEEKEEPING 101 LLC,OH,1,Ohio
"BEESAFE LABS, LLC",CA,1,California
BEHAIVIOR LLC,PA,1,Pennsylvania
"BEKEN BIO, INC.",CA,1,California
BENANOVA Inc,NC,2,North Carolina
"BENCHMARK LABS, INC.",CA,1,California
BENJAMIN FRANKLIN CUMMINGS INSTITUTE OF TECHNOLOGY,MA,3,Massachusetts
BERD LLC,MN,1,Minnesota
BERKELEY MARINE ROBOTICS INC.,CA,1,California
BERKM INC,MA,1,Massachusetts
BESPOKE BIOTHERAPEUTICS LLC,CA,1,California
"BETA ANALYTIC, INC.",FL,1,Florida
BETAFELD LLC,MA,1,Massachusetts
"BEYOND BENIGN, INC.",MA,1,Massachusetts
"BEYOND SILICON, INC.",AZ,1,Arizona
BEYOND THE DOME INC,CA,1,California
BEZWADA BIOMEDICAL LLC,NJ,2,New Jersey
BICURE LLC,CA,1,California
"BIKO BIOLABS, LLC",MA,1,Massachusetts
BIOAESTHETICS CORPORATION,NC,1,North Carolina
"BIOCHIP LABS, INC.",OH,2,Ohio
BIOCOGNIV INC.,VT,1,Vermont
BIOCOGNON LLC,PA,1,Pennsylvania
BIODESIGN CHALLENGE INC,NY,1,New York
BIODEVEK INC,MA,2,Massachusetts
BIODIVERSITY OUTREACH NETWORK,AZ,2,Arizona
BIODYNAMIK,CA,1,California
BIOIMAGINIX LLC,WV,1,West Virginia
BIOINDUSTRIAL MANUFACTURING AND DESIGN ECOSYSTEM,CA,3,California
"BIOLATTICE, LLC",PA,1,Pennsylvania
"BIOMESENSE, INC.",IL,2,Illinois
BIOMILITUS LLC,CA,1,California
"BIOMIMICRY DESIGN ALLIANCE, LLC",CO,1,Colorado
"BIOMIMICS, LLC",CA,2,California
BIOSAPIEN INC.,CA,1,California
"BIOSENS8, INC.",MA,2,Massachusetts
"BIOSUPERIOR TECHNOLOGY, INC.",CA,1,California
"BIOTECH NATURALE, INC",WA,1,Washington
BIOTRONIC INNOVATIONS LLC,AZ,1,Arizona
"BIOZ, INC.",CA,1,California
"BIRCH BIOSCIENCES, LLC",OR,2,Oregon
BIRDHABITATBOT LLC,CT,1,Connecticut
BIRED IMAGING INC,NY,2,New York
BLACK IN MARINE SCIENCE,WA,3,Washington
BLACKHAWK TECHNICAL COLLEGE DISTRICT,WI,1,Wisconsin
"BLEEXY, LLC",VA,1,Virginia
BLINXEL LLC,CA,1,California
"BLOCKALYTICS, LLC",GA,1,Georgia
"BLOCKSYNOP, INC.",MD,1,Maryland
BLOCKY INC.,MT,1,Montana
BLOCMOUNT LLC,TX,1,Texas
"BLOOM SURGICAL, INC.",UT,1,Utah
BLOOMALO LLC,GA,1,Georgia
BLOSSOM SURGICAL LLC,OR,1,Oregon
"BLUE CRANIUM, LLC",OH,1,Ohio
BLUE MARBLE SPACE,DE,1,Delaware
BLUEDOT PHOTONICS INC.,WA,1,Washington
BLUEFUSION INC.,MA,1,Massachusetts
"BLUESHIFT OPTICS, LLC",CA,1,California
"BLUESHIFT, LLC",CO,1,Colorado
BLUESTEM BIOSCIENCES INC,NE,2,Nebraska
"BLUEWONDER CREATIVE, LLC",TN,1,Tennessee
BLUSPHINX INC,TX,1,Texas
BOARD OF TRUSTEES OF COMMUNITY COLLEGE DISTRICT #508,IL,1,Illinois
"BONDTRUE, LLC",MD,1,Maryland
BONDWELL TECHNOLOGIES LP,TX,1,Texas
BORON NITRIDE POWER LLC,IL,1,Illinois
"BOSTON GEOSPATIAL, INC.",MA,1,Massachusetts
BOTANY AI INC.,NC,1,North Carolina
BOTELMOT RESEARCH LLC,FL,1,Florida
"BOX ROBOTICS, INC.",PA,1,Pennsylvania
"BRADLEY, CARYN",CA,1,California
BRAILLEWEAR,DE,1,Delaware
"BRAINSOFT, LLC",IA,1,Iowa
"BRAINSTORM THERAPEUTICS, INC.",CA,1,California
"BRAVE VIRTUAL WORLDS, INC.",VA,1,Virginia
BRIDGEVALLEY COMMUNITY & TECHNICAL COLLEGE,WV,1,West Virginia
BRIDGEWATER STATE UNIVERSITY,MA,9,Massachusetts
"BRIGHTLIGHT PHOTONICS, INC",MA,1,Massachusetts
"BRILLIANTMD, LLC",CA,1,California
"BRIMSTONE ENERGY, INC.",CA,1,California
"BRIO DATA GROUP, LLC",OK,1,Oklahoma
"BROWARD EDUCATION FOUNDATION, INC",FL,1,Florida
"BROWNBACK STUDIOS, LLC",CO,1,Colorado
BSCS Science Learning,CO,8,Colorado
"BULLSEYE BIODEVICES, INC.",NJ,1,New Jersey
BUREAU OF THE CENSUS,MD,8,Maryland
"BURLINGTON BIO, INC.",VT,1,Vermont
Babson College,MA,2,Massachusetts
"Bacon, Curtis W",MO,1,Missouri
"Bagheri, Fatemeh",TX,1,Texas
"Bagherian, Hengameh",MA,1,Massachusetts
"Bailey, Virginia",NY,1,New York
"Baiz, Marcella D",PA,1,Pennsylvania
Baker University,KS,2,Kansas
"Baker, Dorothy N",CA,1,California
Bakersfield College,CA,2,California
"Bakker, Rachael A",WA,1,Washington
Baldwin Wallace University,OH,4,Ohio
Ball State University,IN,19,Indiana
Bank Street College of Education,NY,2,New York
Bansen Labs LLC,PA,2,Pennsylvania
"Barbasch, Tina",MA,1,Massachusetts
"Barbery, Monica R",TX,1,Texas
Bard College,NY,7,New York
"Barefoot, Eric A",TX,1,Texas
"Barela Hudgell, Megan A",NM,1,New Mexico
"Barkley, Grant",MA,1,Massachusetts
Barnard College,NY,34,New York
"Barnes, Allison C",NC,1,North Carolina
"Barnes, Julia Gabrielle",PA,1,Pennsylvania
"Barrett, Meghan",PA,1,Pennsylvania
"Barrows, John K",GA,1,Georgia
"Barrozo, Enrico Rey",TX,1,Texas
Barry University,FL,2,Florida
"Batarseh, Tiffany N",CA,1,California
"Batchelor, Cameron J",WI,1,Wisconsin
Bates College,ME,10,Maine
Baton Rouge Community College,LA,2,Louisiana
Battelle Memorial Institute,OH,16,Ohio
BattelleEd.org,OH,1,Ohio
"Baugh, Samuel J",CA,1,California
"Baxter, Devontae",CA,1,California
Bay Area Environmental Research Institute,CA,3,California
Bay Mills Community College,MI,3,Michigan
"Bayala, Erick Xavier",IL,1,Illinois
Baylor College of Medicine,TX,20,Texas
Baylor University,TX,98,Texas
"Beam, Johanna K",PA,1,Pennsylvania
"Becker, Amelia Ann",MA,1,Massachusetts
"Beckerson, William Christopher",KY,1,Kentucky
"Beckey, Jacob Lucas",CO,1,Colorado
Beckman Research Institute City of Hope,CA,1,California
"Beekie, Rajendra",NY,1,New York
"Belanger, Bryce Kenneth",TN,1,Tennessee
"Belasen, Anat",TX,1,Texas
"Belitz, Michael W",FL,1,Florida
"Bell, Avery Davis",GA,1,Georgia
Bellarmine University,KY,2,Kentucky
Bellevue College,WA,5,Washington
Belmont Abbey College,NC,1,North Carolina
Belmont Scientific Inc.,MA,1,Massachusetts
Belmont University,TN,2,Tennessee
Bemidji State University,MN,3,Minnesota
"Bender Tech, LLC",NC,1,North Carolina
Benedict College,SC,7,South Carolina
Benedictine University,IL,4,Illinois
"Benner, Bayleigh Esther",WI,1,Wisconsin
"Benning, John W",MN,1,Minnesota
Bennington College,VT,2,Vermont
"Benthall, Sebastian",NY,1,New York
Bentley University,MA,8,Massachusetts
"Bentz, Ehren James",OR,1,Oregon
"Benzeev, Rayna",CO,1,Colorado
Berea College,KY,4,Kentucky
"Bergey, Claire Augusta",WI,1,Wisconsin
Berkeley Geochronology Center,CA,14,California
"Bernal, Jacob J",AZ,1,Arizona
Bernice P Bishop Museum,HI,6,Hawaii
"Bernstein, Justin Matthew",NJ,1,New Jersey
"Berrios, Louis",SC,1,South Carolina
Berry College,GA,6,Georgia
"Bertolet, Brittni L",IN,1,Indiana
Beth Israel Deaconess Medical Center,MA,7,Massachusetts
"Bethea, Candace",NY,1,New York
Bethel University,MN,5,Minnesota
Bethune-Cookman University,FL,5,Florida
"Betke, Briana",TX,1,Texas
"Bhatnagar, Tejasi",WI,1,Wisconsin
"Bhouri, Mohamed Aziz",NY,1,New York
"Biasi, Joseph A",CA,1,California
Bigelow Laboratory for Ocean Sciences,ME,33,Maine
"Bigman, Jennifer",WA,1,Washington
"BioAmp Diagnostics, Inc.",CA,2,California
"BioLum Sciences, LLC",TX,1,Texas
"BioQUEST Curriculum Consortium, Inc",NH,3,New Hampshire
"Bioinfoexperts, LLC",LA,1,Louisiana
Biomedical Engineering Society,NY,4,New York
Biomineral Systems LLC,IN,1,Indiana
Biospherical Instruments Inc,CA,1,California
"Birch, Sydney",NC,1,North Carolina
"Bird, Kevin A",MI,1,Michigan
Birkeland Current LLC,TX,1,Texas
Bismarck State College,ND,2,North Dakota
"Bitome, Inc.",MA,1,Massachusetts
"Bitter, Mark Christopher",CA,1,California
Black Hills State University,SD,8,South Dakota
"Black, Adam",CT,1,Connecticut
Blackfeet Community College,MT,2,Montana
Blacksand Technology LLC,UT,1,Utah
Bloomfield College,NJ,1,New Jersey
Blue Ridge Community & Technical College,WV,1,West Virginia
"Blum, Mirella L",MA,1,Massachusetts
"Blumstein, Meghan",MA,1,Massachusetts
"Blunt, Sarah",CA,1,California
"Board of Regents, NSHE, obo University of Nevada, Reno",NV,221,Nevada
Board of Trustees of Illinois State University,IL,41,Illinois
"Bobb, Martin",TX,1,Texas
"Bodish, Elijah S",OR,1,Oregon
"Boe, Benjamin R",HI,1,Hawaii
"Bogar, Laura",CA,1,California
Boise State University,ID,151,Idaho
"Bolin, Lana Gayle",IN,1,Indiana
"Bolton, David Chas",PA,1,Pennsylvania
Bond                    Matthew,NY,1,New York
"Boninger, Joseph",NY,1,New York
"Booth, Katherine Williams",TN,1,Tennessee
"Borbee, Erin M",TX,1,Texas
"Borg, George",PA,1,Pennsylvania
"Borgias, Sophia L",CA,1,California
"Boria, Robert A",CA,1,California
"Bornbusch, Sarah Lyons",NC,1,North Carolina
"Borowsky, Alexander Thomas",CA,1,California
"Borstein, Samuel R",TN,1,Tennessee
Boston College,MA,132,Massachusetts
"Boston Materials, Inc.",MA,1,Massachusetts
"Boston VA Research Institute, Inc.",MA,1,Massachusetts
Botanical Research Institute of Texas,TX,5,Texas
Botanical Society of America,MO,2,Missouri
"Bou-Rabee, Ahmed",IL,1,Illinois
Bowdoin College,ME,18,Maine
"Bowes, Shauna Marie",GA,1,Georgia
Bowie State University,MD,28,Maryland
Bowling Green State University,OH,35,Ohio
Boyce Thompson Institute Plant Research,NY,15,New York
"Boyce, Veronica",CA,1,California
"Boydston Chemical Innovations, Incorportated",WA,1,Washington
Bradley University,IL,7,Illinois
"Bradley, Noah Patrick",IL,1,Illinois
"Brakensiek, Joshua",CA,1,California
Brandeis University,MA,52,Massachusetts
"Brandt, Madeline Virginia",CA,1,California
"Brauer, Daniel D",CA,1,California
"Brauer, Kaley",MA,1,Massachusetts
"Brauner, Sarah",MN,1,Minnesota
"Brazelton, Thomas",PA,1,Pennsylvania
"Breeden, Benjamin Thomas",UT,1,Utah
"Breitenbach, Anthony",IL,1,Illinois
Bridgerland Applied Technology College,UT,3,Utah
Brigham & Women's Hospital Inc,MA,8,Massachusetts
Brigham Young University,UT,101,Utah
"Bright, Jane C",IA,1,Iowa
"Brightly, William H",WA,1,Washington
"Bristol, Katie",FL,1,Florida
"Brittain, Rebecca Shae Anna",MI,1,Michigan
"Broad Institute, Inc.",MA,3,Massachusetts
"Brock, Jordan",MO,1,Missouri
"Brock, Kinsey M",CA,1,California
"Brockbank, Erik",CA,1,California
Brookdale Community College,NJ,3,New Jersey
"Broomandkhoshbacht, Nasreen Zeeba",VT,1,Vermont
Broome Community College,NY,1,New York
"Brosowsky, Anna",MI,1,Michigan
Broward College,FL,4,Florida
Brown University,RI,348,Rhode Island
"Brown, Bianca",RI,1,Rhode Island
"Brown, Jennifer Marie",CA,1,California
"Brown, Jordan",TX,1,Texas
"Brown, Matthew C",OK,1,Oklahoma
"Brown, Tanya Louise",WA,1,Washington
"Brown, Tyler A",MD,1,Maryland
"Bruce, Juliette",WI,1,Wisconsin
"Bruno, Sarah Marie Michelle",NJ,1,New Jersey
Bryant University,RI,4,Rhode Island
Bryn Mawr College,PA,18,Pennsylvania
"Bucher, Maite Ghazaleh",NC,1,North Carolina
"Buchholz, Maximilian",MA,1,Massachusetts
"Buck, Rachel L",UT,1,Utah
"Buckley, Gina M",PA,1,Pennsylvania
"Buckley, Sarabeth",MA,1,Massachusetts
Bucknell University,PA,37,Pennsylvania
"Burcroff, Amanda",MA,1,Massachusetts
"Burke, Colin Jacob",IL,1,Illinois
"Burkhard, Tracy T",TX,1,Texas
"Burkhardt, Paula Elisabeth",CA,1,California
"Burklund, Robert W",MA,1,Massachusetts
"Busch, Michael Peter",MD,1,Maryland
Butler County Community College,PA,1,Pennsylvania
Butler University,IN,6,Indiana
"Butler, Julie M",CA,1,California
"Butler, Kristina",TX,1,Texas
"Butt, Karen",IL,1,Illinois
Butte-Glenn Community College District,CA,1,California
"Byrne, Ruby",CA,1,California
CABRERA RESEARCH LAB LLC,NY,1,New York
"CACHE DNA, INC.",CA,2,California
"CACTUS MEDICAL,LLC",CA,1,California
CAIRA SURGICAL CORPORATION,NY,1,New York
CAL POLY HUMBOLDT SPONSORED PROGRAMS FOUNDATION,CA,24,California
"CALI'S BOOKS, LLC",CA,2,California
CALM WATERS GROUP LLC,CA,1,California
"CAMBRIAN WORKS, INC.",VA,1,Virginia
CAMBRIDGE TERAHERTZ INC,CA,2,California
"CANETIA ANALYTICS, INC.",CA,2,California
CANISIUS UNIVERSITY OF BUFFALO NEW YORK,NY,1,New York
"CANOMIKS, INC.",MN,2,Minnesota
CANOPII INC.,OR,2,Oregon
"CAPIENDA BIOTECH, LLC",CA,1,California
CAPITOL TECHNOLOGY UNIVERSITY,MD,1,Maryland
"CAPORUS TECHNOLOGIES, LLC",IL,1,Illinois
"CARAVEL BIO, INC.",OR,2,Oregon
CARBIDE RADIO INC,CA,1,California
CARBON SOLUTIONS LLC,IN,1,Indiana
CARDIOPHI LLC,CA,1,California
"CARE WEATHER TECHNOLOGIES, LLC",UT,1,Utah
"CARIBOU BIOFUELS, INC.",CA,1,California
"CARIDIAN MEDICAL, INC.",TX,1,Texas
CARRISAN TECHNOLOGIES INC.,CA,1,California
CARRTECH LLC,MD,1,Maryland
"CARTESIAN SYSTEMS, INC.",MA,2,Massachusetts
CARTILAGE INC,CA,1,California
CASCADE BIOCATALYSTS INC.,CO,2,Colorado
"CASIMIR, INC",TX,1,Texas
"CAST, Inc.",MA,6,Massachusetts
"CASTAG BIOSCIENCES, INC.",NC,1,North Carolina
"CATALYST CAMPUS FOR TECHNOLOGY AND INNOVATION, INC.",CO,1,Colorado
CATALYST COOPERATIVE,PA,1,Pennsylvania
"CATHBUDDY, INC.",NY,2,New York
CAUSALIT LLC,OR,1,Oregon
CAZA HEALTH LLC,VA,1,Virginia
CE-RI-SS MATERIALS LLC,TN,1,Tennessee
"CELADYNE TECHNOLOGIES, INC.",IL,1,Illinois
CELEFLUX LLC,MD,1,Maryland
CELLCHORUS INC.,TX,1,Texas
CELLECHO INC,CA,1,California
CELLUDOT LLC,AR,2,Arkansas
CENSYN INC,CA,1,California
"CENTER ON RURAL INNOVATION, INC",VT,1,Vermont
CENTRAL CASTING AI INC,MA,1,Massachusetts
"CEREVU MEDICAL, INC.",CA,2,California
"CERFLUX, INC.",AL,1,Alabama
CHABOT-LAS POSITAS COMMUNITY COLLEGE DISTRICT,CA,1,California
CHANGEAERIAL LLC,CA,1,California
CHASCII INC,CA,1,California
CHIBITRONICS INC.,FL,2,Florida
CHILDRENS MUSEUM FOUNDATION CORP,IL,1,Illinois
CHITOVATE LLC,MS,1,Mississippi
"CHLOBIS WATER, INC.",WI,1,Wisconsin
CHOSEN DIAGNOSTICS INC,LA,2,Louisiana
CHROMATIR TECHNOLOGIES LLC,PA,2,Pennsylvania
"CHS HEALTHCARE VENTURES, INC",GA,1,Georgia
CHUGACH REGIONAL RESOURCES COMMISSION,AK,1,Alaska
"CICADEA BIOTECH, LLC",MO,1,Missouri
"CIPHERMODE LABS, INC.",WA,1,Washington
CIPHERSONIC LABS INC,MA,1,Massachusetts
CIRCADIAN POSITIONING SYSTEMS INC,RI,1,Rhode Island
"CIRCLE CONCRETE TECH, INC.",TX,1,Texas
"CIRCLEIN, INC.",MD,1,Maryland
"CIRCULARITY FUELS, INC.",CA,1,California
CIRCULATECH LLC,FL,1,Florida
"CISION VISION, INC.",CA,1,California
"CISTERNA BIOLOGICS, INC.",CA,1,California
CITY INNOVATE INC,CA,1,California
CL CHEMICAL COMPANY,FL,1,Florida
"CLARIA MEDICAL, INC.",CA,2,California
CLARUS LABS LLC,MS,1,Mississippi
CLASS BUCKS LLC,NM,1,New Mexico
CLAUDIUS LEGAL INTELLIGENCE INC,FL,2,Florida
CLC GLOBAL-USA,CO,1,Colorado
"CLEARSIGHT, LLC",CO,1,Colorado
CLEARVIEW OPTICS LLC,MA,1,Massachusetts
CLEAVED DIAGNOSTIC CORPORATION,LA,1,Louisiana
CLIMATE ANALYTICS INC.,NY,1,New York
CLIMATEAI INC,CA,1,California
CLUE GENETICS INC.,CA,1,California
"CO2SYNC, INC.",WY,1,Wyoming
"COAGULO MEDICAL TECHNOLOGIES, INC.",MA,1,Massachusetts
COBIO DIAGNOSTICS INC.,CO,2,Colorado
"COCONINO, COUNTY OF",AZ,1,Arizona
COCOPIE LLC,CA,1,California
"CODON LEARNING, INC.",CO,2,Colorado
COGNI TRAX,CA,2,California
COGWEAR LLC,PA,1,Pennsylvania
"COHERENT PHOTONICS, LIMITED LIABILITY COMPANY",NJ,1,New Jersey
COHI GROUP L.L.C.,MN,1,Minnesota
"COLABS, INC.",CA,1,California
COLERIDGE INITIATIVE INC,NJ,1,New Jersey
COLLAMEDIX INC.,OH,1,Ohio
COLLEGE OF MUSCOGEE NATION,OK,1,Oklahoma
COLLEGE OF THE MAINLAND COMMUNITY COLLEGE DISTRICT,TX,1,Texas
"COLOWRAP, LLC",NC,1,North Carolina
"COMBPLEX, INC.",NY,1,New York
COMMONWEALTH UNIVERSITY OF PENNSYLVANIA,PA,2,Pennsylvania
"COMMUNICATION SERVICE FOR THE DEAF, INC.",TX,1,Texas
"COMMUNITY & TECHNICAL COLLEGES, WASHINGTION STATE BOARD FOR",WA,1,Washington
"COMMUNITY ENERGY LABS, INC",OR,1,Oregon
COMON SOLUTIONS LLC,CA,2,California
COMPACT MEDICAL SOLUTIONS LLC,IN,2,Indiana
COMPLETIONAI LLC,MA,2,Massachusetts
COMPLEXLY LLC,MT,1,Montana
COMPTON COLLEGE,CA,2,California
COMPUTER SCIENCE ALLIANCE,NM,2,New Mexico
"COMPUTER SCIENCE TEACHERS ASSOCIATION, LLC.",NY,6,New York
CONCHA INC.,CA,1,California
CONFLUENCY LLC,IL,1,Illinois
"CONNECT DYNAMICS, INC.",AR,2,Arkansas
CONNECTED WISE LLC,FL,1,Florida
"CONOVATE, INC.",WI,1,Wisconsin
"CONOX, LLC",TX,1,Texas
"CONTEXTUALIZE, LLC",CO,1,Colorado
CONTROLPOINT INC.,CA,1,California
"COOLAIMATE, INC",CA,1,California
"CORAVIE MEDICAL, INC.",MN,1,Minnesota
CORD,TX,2,Texas
CORDANCE MEDICAL INC.,CA,2,California
CORE BIOTHERAPEUTICS INC,CA,1,California
"CORELESS TECHNOLOGIES, INC.",CA,1,California
CORESHELL TECHNOLOGIES INC,CA,1,California
CORINNOVA INC,TX,1,Texas
CORLENS INC.,IN,1,Indiana
CORNERSTONE GENOMICS LLC,MD,1,Maryland
CORPORATE NODE - RANDOLPH COMM COLLEGE,NC,1,North Carolina
COSINE CORP,CA,1,California
"COSMIC EATS, INC.",NC,1,North Carolina
COSMIC PICTURE DISTRIBUTION LLC,NY,1,New York
COUTURE TECHNOLOGIES LLC,TN,1,Tennessee
COVALABIO INC.,CA,1,California
COVID COUGH INC,CO,1,Colorado
CPR THERAPEUTICS INC.,VT,2,Vermont
CRABLINE ROBOTICS LLC,OH,1,Ohio
CRCL SOLUTIONS LLC,VA,1,Virginia
"CREATHADH ENERGIES, LLC",IA,2,Iowa
CREATIVE BIOTHERAPEUTICS LLC,IL,2,Illinois
CROOKES RESEARCH LLC,OH,2,Ohio
CROSS CULTURED FOODS PBC,CA,1,California
"CROSSLINK COMPOSITES, INC.",TN,2,Tennessee
"CROSSMHV, L.L.C",FL,1,Florida
CROSSTALK LLC,MO,1,Missouri
CRYPTO ASSET TECHNOLOGY LABS INC,FL,1,Florida
CRYPTO TUTORS LLC,FL,2,Florida
"CRYPTYX BIOSCIENCE, INC.",NJ,2,New Jersey
"CRYSTAL SONIC, INC.",AZ,2,Arizona
CSU Fullerton Auxiliary Services Corporation,CA,51,California
CSUB Auxiliary for Sponsored Programs Administration,CA,11,California
CUNY Baruch College,NY,27,New York
CUNY Borough of Manhattan Community College,NY,12,New York
CUNY Bronx Community College,NY,5,New York
CUNY Brooklyn College,NY,25,New York
CUNY City College,NY,93,New York
CUNY City University of New York,NY,2,New York
CUNY College of Staten Island,NY,27,New York
CUNY Graduate School University Center,NY,25,New York
CUNY Hostos Community College,NY,6,New York
CUNY Hunter College,NY,36,New York
CUNY John Jay College of Criminal Justice,NY,22,New York
CUNY Kingsborough Community College,NY,3,New York
CUNY Medgar Evers College,NY,7,New York
CUNY New York City College of Technology,NY,21,New York
CUNY Queens College,NY,43,New York
CUNY Queensborough Community College,NY,6,New York
CUNY York College,NY,4,New York
"CURATED NETWORKS, INC",CA,1,California
"CURIEDX, INC",MD,1,Maryland
CURUVAR LLC,FL,1,Florida
"CYBERSPARA, INC.",NY,1,New York
"CYPRIS MATERIALS, INC.",CA,2,California
"CYTORECOVERY, INC.",VA,2,Virginia
"Cabrero, Allan",CA,1,California
"Cabuslay, Christian Superio",PA,1,Pennsylvania
"Cagan, David Abraham",CA,1,California
"Cal Poly Pomona Foundation, Inc.",CA,37,California
"Calabrese, Gina",NC,1,North Carolina
"Calamari, Emily",NY,1,New York
"Calderon, Aaron",CT,1,Connecticut
Caldwell University Inc,NJ,2,New Jersey
California Academy of Sciences,CA,16,California
California Association for Research in Astronomy,HI,3,Hawaii
California Baptist University,CA,1,California
California Institute of Technology,CA,261,California
California Lutheran University,CA,5,California
California Maritime Academy,CA,1,California
California Polytechnic State University Foundation,CA,70,California
California Science Center Foundation,CA,1,California
California State L A University Auxiliary Services Inc.,CA,38,California
California State University Channel Islands,CA,7,California
California State University San Marcos Corporation,CA,21,California
"California State University, East Bay Foundation, Inc.",CA,17,California
"California State University, Trustees",CA,2,California
California State University-Dominguez Hills Foundation,CA,18,California
California State University-Fresno Foundation,CA,22,California
California State University-Long Beach Foundation,CA,64,California
California State University-Sacramento,CA,1,California
California State University-Stanislaus,CA,8,California
"Calista Education and Culture, Inc.",AK,3,Alaska
"Call, Benjamin E",OH,1,Ohio
Calvin University,MI,7,Michigan
"Camacho, Jasmin",MO,1,Missouri
Camden County College,NJ,1,New Jersey
Campbell University,NC,3,North Carolina
Campbellsville University,KY,2,Kentucky
Canada-France-Hawaii Telescope Corporation,HI,2,Hawaii
Cankdeska Cikana Community College,ND,2,North Dakota
"Cannizzo, Catherine Kendall Asaro",CA,1,California
"Cao, Sky Yang",NJ,1,New Jersey
"Capacitech Energy, Inc",FL,1,Florida
"Capano, John",RI,1,Rhode Island
Cape Fear Community College,NC,1,North Carolina
"Capooci, Margaret",DE,1,Delaware
"Capovilla-Searle, Orsola",NC,1,North Carolina
Capro-X,MA,1,Massachusetts
"Cardenas, Benjamin",TX,1,Texas
"Carlen, Elizabeth J",NY,1,New York
Carleton College,MN,33,Minnesota
Carlow University,PA,1,Pennsylvania
"Carlson, Brandee Nicole",TX,1,Texas
"Carmichael, Theron W",MA,1,Massachusetts
"Carmo, Olivia Maria Silva",TX,1,Texas
Carnegie Institute,PA,3,Pennsylvania
Carnegie Learning,PA,1,Pennsylvania
Carnegie Mellon University,PA,639,Pennsylvania
"Carpenter, Andrew P",OR,1,Oregon
"Carr, Erin Claire",NE,1,Nebraska
"Carrera, Sofia",IL,1,Illinois
"Carrick, Christian",CA,1,California
Carroll College,MT,2,Montana
Carroll University,WI,1,Wisconsin
"Carter, Brandon",TX,1,Texas
Carthage College,WI,5,Wisconsin
"Cary Institute of Ecosystem Studies, Inc.",NY,20,New York
Case Western Reserve University,OH,126,Ohio
"Case, Samuel B",WY,1,Wyoming
"Caspi, Tal",CA,1,California
"Cass, Robert A",MA,1,Massachusetts
"Castro, Cynthia V",TX,1,Texas
"Cecchini, Gabriel George",CA,1,California
Cedars-Sinai Medical Center,CA,2,California
CellDrop Inc,WY,2,Wyoming
"Cellini, Benjamin",PA,1,Pennsylvania
Cellulose Sciences International,WI,1,Wisconsin
"Center For Coastal Studies, Inc.",MA,1,Massachusetts
"Center for Disease Dynamics, Economics & Policy",NJ,1,New Jersey
Center for Open Science,VA,6,Virginia
"Center for the Advancement of Science in Space, Inc.",FL,2,Florida
Center for the Future of Arizona,AZ,1,Arizona
Central Caribbean Marine Institute,NJ,2,New Jersey
Central Carolina Community College,NC,1,North Carolina
Central Carolina Technical College,SC,1,South Carolina
Central College of Iowa,IA,1,Iowa
Central Community College,NE,2,Nebraska
Central Connecticut State University,CT,5,Connecticut
"Central Inventions, Inc.",NC,1,North Carolina
Central Lakes College,MN,2,Minnesota
Central Michigan University,MI,28,Michigan
Central New Mexico Community College,NM,4,New Mexico
Central Oregon Community College,OR,2,Oregon
Central Piedmont Community College,NC,1,North Carolina
Central State University,OH,12,Ohio
Central Virginia Community College,VA,1,Virginia
Central Washington University,WA,17,Washington
Central Wyoming College,WY,3,Wyoming
Centre College of Kentucky,KY,2,Kentucky
Cerritos College,CA,2,California
Chabot College,CA,2,California
"Chafin, Tyler K",AR,1,Arkansas
"Chaidez, Julian Cruz",CA,1,California
Chaminade University of Honolulu,HI,2,Hawaii
"Chamorro, Juan R",CA,1,California
Champlain College Incorporated,VT,1,Vermont
"Chaney, Carlye",MO,1,Missouri
Chapman University,CA,36,California
"Chappell, Callie Rodgers",CA,1,California
Charleston Southern Univ,SC,1,South Carolina
Charmtech Labs LLC,NY,1,New York
"Chase, Danielle Lee",CO,1,Colorado
"Chase, Hunter Sato",IL,1,Illinois
Chatham College,PA,4,Pennsylvania
"Chatham, Robert Hood",MA,1,Massachusetts
Chattanooga State Community College,TN,3,Tennessee
Chemeketa Community College,OR,2,Oregon
"Chen, Eric",CA,1,California
"Chen, Michael Andrew",MA,1,Massachusetts
"Chen, Nathan",MA,1,Massachusetts
"Chen, Sitan",MA,1,Massachusetts
Chesapeake College,MD,1,Maryland
Chesapeake Research Consortium Inc,MD,1,Maryland
Cheyney University of Pennsylvania,PA,1,Pennsylvania
"Chi, Jocelyn T",TX,1,Texas
Chicago Children's Museum,IL,1,Illinois
Chicago Horticultural Society,IL,9,Illinois
Chicago Public Schools,IL,3,Illinois
Chicago State University,IL,16,Illinois
Chicago Zoological Society,IL,1,Illinois
Chico State Enterprises,CA,26,California
Chief Dull Knife Memorial College,MT,3,Montana
Child Trends Inc,MD,5,Maryland
"Childers, Jackie Lynn",CA,1,California
Children's Hospital Corporation,MA,7,Massachusetts
Children's Hospital Los Angeles,CA,1,California
Children's Hospital Medical Center,OH,2,Ohio
Children's Museum of Pittsburgh,PA,1,Pennsylvania
"Childress, Jasmine N",CA,1,California
"Chilton, Kristin",VA,1,Virginia
"Chin, Diana W",FL,1,Florida
Chippewa Valley Technical College,WI,3,Wisconsin
"Chiquillo, Kelcie Lorena",CA,1,California
"Cho, Elizabeth C",MO,1,Missouri
"Choi, Pui Tung",MA,1,Massachusetts
"Choi, Steve K",NY,1,New York
"Chong, Trisha N",CA,1,California
Christian Brothers University,TN,2,Tennessee
Christopher Newport University,VA,14,Virginia
"Church, Samuel H",MA,1,Massachusetts
"Chure, Griffin Daniel",CA,1,California
"Cieri, Robert",UT,1,Utah
"Ciesla, Jessica H",NY,1,New York
Circle Optics LLC,NY,2,New York
"Cisneros, Alejandro Omar",CA,1,California
"Cisneros, Julia",IL,1,Illinois
Citadel Military College of South Carolina,SC,11,South Carolina
Citrus Community College District,CA,2,California
City College of San Francisco,CA,2,California
City Colleges of Chicago,IL,1,Illinois
City Colleges of Chicago Harry S Truman College,IL,2,Illinois
Clackamas Community College,OR,2,Oregon
Claflin University,SC,4,South Carolina
Clairways LLC,NH,1,New Hampshire
Claremont Graduate University,CA,5,California
Claremont McKenna College,CA,18,California
Clark Atlanta University,GA,29,Georgia
Clark College,WA,1,Washington
Clark University,MA,31,Massachusetts
"Clark, Eliza I",CO,1,Colorado
"Clark, Meaghan I",MI,1,Michigan
"Clark, Rene Delight",NJ,1,New Jersey
"Clark-Cotton, Manuella R",NC,1,North Carolina
Clarkson University,NY,67,New York
"Claunch, Natalie M",FL,1,Florida
Clayton College and State University,GA,2,Georgia
"Clemente, Seanne",MA,1,Massachusetts
Clemson University,SC,315,South Carolina
Cleveland Clinic Foundation,OH,4,Ohio
Cleveland Museum of Natural History,OH,3,Ohio
Cleveland State Community College,TN,1,Tennessee
Cleveland State University,OH,43,Ohio
Climate Conservation,MT,1,Montana
Clinton College,SC,1,South Carolina
Clover Park Technical College,WA,1,Washington
"Cluett, Allison A",VT,1,Vermont
Coast Community College District System Office,CA,1,California
Coastal Carolina University,SC,12,South Carolina
Coastal and Estuarine Research Federation,WA,2,Washington
"Cobb, John David",WI,1,Wisconsin
"Cocciardi, Jennifer M",TX,1,Texas
Code for Science and Society Inc,OR,3,Oregon
CodeVA,VA,3,Virginia
"Cody, Jon Phalen",MN,1,Minnesota
Coe College,IA,6,Iowa
Coeur d' Alene Tribe,ID,1,Idaho
Cognitive ToyBox,NY,2,New York
Coker College,SC,1,South Carolina
Colby College,ME,19,Maine
Cold Spring Harbor Laboratory,NY,22,New York
Colgate University,NY,22,New York
College of Alameda,CA,1,California
College of Central Florida,FL,2,Florida
College of Charleston,SC,21,South Carolina
College of Lake County,IL,1,Illinois
College of Mount Saint Vincent,NY,2,New York
College of Our Lady of the Elms,MA,2,Massachusetts
College of Saint Benedict,MN,2,Minnesota
College of Saint Mary,NE,1,Nebraska
College of Saint Scholastica,MN,5,Minnesota
College of Southern Maryland,MD,1,Maryland
College of Southern Nevada,NV,2,Nevada
College of Western Idaho,ID,1,Idaho
College of William & Mary Richard Bland College,VA,2,Virginia
College of William & Mary Virginia Institute of Marine Science,VA,31,Virginia
College of William and Mary,VA,88,Virginia
College of Wooster,OH,8,Ohio
College of the Canyons,CA,4,California
College of the Holy Cross,MA,10,Massachusetts
College of the Menominee Nation,WI,2,Wisconsin
"Collier, Angela C",CO,1,Colorado
Collin County Community College,TX,1,Texas
"Colner, Jonathan",CA,1,California
Colorado Christian University,CO,1,Colorado
Colorado College,CO,16,Colorado
Colorado Mesa University,CO,5,Colorado
Colorado Mountain College,CO,2,Colorado
Colorado School of Mines,CO,168,Colorado
Colorado State University,CO,371,Colorado
Colorado State University-Pueblo,CO,10,Colorado
Columbia Basin College,WA,3,Washington
Columbia College,IL,1,Illinois
Columbia Gorge Community College,OR,1,Oregon
Columbia State Community College,TN,1,Tennessee
Columbia University,NY,661,New York
Columbus State Community College,OH,9,Ohio
Columbus State University,GA,2,Georgia
"Colón-Piñeiro, Zuania",FL,1,Florida
"Comerford, Mattheau S",MA,1,Massachusetts
Community College District 502,IL,1,Illinois
Community College of Allegheny County Allegheny Campus,PA,3,Pennsylvania
Community College of Aurora,CO,2,Colorado
"Community College of Baltimore County, Essex",MD,1,Maryland
Community College of Beaver County,PA,1,Pennsylvania
Community College of Denver,CO,1,Colorado
Community College of Philadelphia,PA,2,Pennsylvania
Community College of Rhode Island,RI,1,Rhode Island
Computational Physics Inc,VA,7,Virginia
Concord Consortium,MA,22,Massachusetts
Concord University,WV,7,West Virginia
Concordia College at Moorhead,MN,4,Minnesota
Conference Board Math Sciences,NY,3,New York
"Conger, Kathryn Summerville",CO,1,Colorado
"Conley, Sarah A",IA,1,Iowa
Connecticut College,CT,5,Connecticut
"Conner, Austin Daniel",TX,1,Texas
"Conner, Justin L",TX,1,Texas
"Connop, Charlotte H",PA,1,Pennsylvania
"Connor, Paul Robert",CA,1,California
"Conover, Justin L",IA,1,Iowa
"Conrick, Robert John Cuson",WA,1,Washington
Conservation International,VA,1,Virginia
"Conservation Science Partners, Inc.",CA,1,California
Consortium of Universities for the Advancement of Hydrologic Sci,MA,5,Massachusetts
"Conti-Jerpe, Inga Elizabeth",CA,1,California
Contra Costa Community College District,CA,2,California
Converse College,SC,1,South Carolina
"Cooke, Madeline E",MI,1,Michigan
Cooper Union,NY,1,New York
"Cooper, Olivia",TX,1,Texas
"Cooperman, William",IL,1,Illinois
"Cope, Olivia L",WI,1,Wisconsin
Coppin State University,MD,7,Maryland
Coral Reef Research Foundation,CA,1,California
"CoreMap, Inc.",VT,1,Vermont
"Coreas, Roxana",CA,1,California
Coriell Institute for Medical Research,NJ,1,New Jersey
Cornell College,IA,3,Iowa
Cornell University,NY,710,New York
Corning Community College,NY,2,New York
Corporation for Education Network Initiatives in California,CA,1,California
"Corsa, Brianna Durelle",CO,1,Colorado
"Corsha, Inc.",VA,2,Virginia
"Cortes, Jorge Ivan",NY,1,New York
Cossatot Technical College,AR,2,Arkansas
"Cotner, Sean",CA,1,California
County College of Morris,NJ,2,New Jersey
"Couper, Lisa",CA,1,California
"Cox, Erin",IL,1,Illinois
"Creedon, Ryan Patrick",WA,1,Washington
Creighton University,NE,11,Nebraska
"Crisostomo, Steven",CA,1,California
"Crocker, Daniel",MA,1,Massachusetts
Crompton                Octavia        V,CA,1,California
"Cross, Karissa Lynn",TN,1,Tennessee
Crow Canyon Archaeological Center,CO,2,Colorado
Crowder College,MO,1,Missouri
"Crozier, Joshua Allen",CA,1,California
"Cruz Foam, Inc.",CA,2,California
"Cruz-de Hoyos, Roxanne M",CA,1,California
"CryoDesalination, LLC",TX,1,Texas
"Cuarenta, Amelia",WI,1,Wisconsin
"Cuello, William",NJ,1,New Jersey
Cuesta College,CA,2,California
"Culbertson, Edward McLouth",PA,1,Pennsylvania
"Culha, Cansu",CA,1,California
"Cunningham, William Streit",CA,1,California
Curie Co. Inc.,NC,1,North Carolina
"Curran, Joseph B",NV,1,Nevada
"Current Innovation, NFP",IL,1,Illinois
Curry College,MA,1,Massachusetts
"Curtis, Sanjana",IL,1,Illinois
Cuyahoga Community College,OH,2,Ohio
Cyber Innovation Center,LA,1,Louisiana
"Cyber Pack Ventures, Inc.",MD,2,Maryland
Cytocybernetics,NY,1,New York
D'Youville College,NY,2,New York
DARCY SOLUTIONS INC.,MN,2,Minnesota
DASION CORPORATION,VA,2,Virginia
DATA ELEVATE LLC,CA,1,California
"DATASHAPES, LLC",MI,1,Michigan
DAYZERO WATER LLC,OR,1,Oregon
DCAN BIOSCIENCES LLC,NY,1,New York
"DEBATER HUB, LLC",CA,1,California
DEEPBITS TECHNOLOGY LLC,CA,2,California
"DEEPCAST, LLC",TX,1,Texas
DEEPCONVO INC.,PA,2,Pennsylvania
"DEEPLUX TECHNOLOGY, INC",IN,1,Indiana
DEEPSEQAI LLC,CA,1,California
"DEEPSIM, INC.",CA,1,California
DEFENSE CONTRACT AUDIT AGENCY,VA,2,Virginia
DEFENSE LOGISTICS AGENCY,VA,1,Virginia
"DEFINED BIOSCIENCE, INC.",CA,1,California
DELAQUA PHARMACEUTICALS INC,NC,1,North Carolina
"DELAWARE MUSEUM OF NATURE AND SCIENCE, INC.",DE,1,Delaware
DENCODA LLC,IN,1,Indiana
"DENTUIT, INC.",MD,1,Maryland
DESERT VALLEY TECH INC.,AZ,1,Arizona
DESIGNER ECOSYSTEMS LLC,VA,1,Virginia
"DEXTROUS ROBOTICS, INC.",TN,2,Tennessee
DHICHIPS INC.,NY,1,New York
DIAMOND AGE TECHNOLOGY LLC,TX,2,Texas
DIANT PHARMA INC.,CT,1,Connecticut
"DIFFRACT TECHNOLOGY, INC.",MA,2,Massachusetts
DIGI-CLONE LTD,GA,1,Georgia
"DIGITAL BAZAAR, INC.",VA,1,Virginia
"DIGITAL COPILOT, INC.",NY,1,New York
DIGITOUCH HEALTH LLC,NY,1,New York
DINYA DNA LLC,CA,1,California
"DIRECT COMBUSTION TECHNOLOGIES, LLC",LA,1,Louisiana
DIRECT KINETIC SOLUTIONS LLC,TX,2,Texas
DIRECTED ANALYTICS INC.,LA,1,Louisiana
"DISCRETE LATTICE INDUSTRIES, LLC",CA,1,California
DISSECT 360 LLC,IL,1,Illinois
DISTRIBUTED SPECTRUM LLC,NY,1,New York
DIVERSE EMERGENT ENGINEERING PROSPECTIVE -DEEP- DESIGNS LLC,FL,1,Florida
DMAG USA LLC,IN,1,Indiana
"DNALITE THERAPEUTICS, INC.",CA,1,California
DOANE UNIVERSITY,NE,4,Nebraska
"DOCUGAMI, INC.",WA,2,Washington
DOMCAT TECHNOLOGIES LLC,NY,1,New York
"DPX TECHNOLOGIES, LLC",SC,1,South Carolina
DRAKEFORD SCOTT & ASSOCIATES,NC,1,North Carolina
"DRIVE THERAPEUTICS, L.L.C.",NC,2,North Carolina
"DRIVEABILITY VT, LLC",VT,1,Vermont
"DRIVENDATA, INC.",CO,1,Colorado
DTP THERMOELECTRICS LLC,CA,1,California
"DUET BIOSYSTEMS, INC",TN,1,Tennessee
DURAVAX INC,NC,1,North Carolina
"DYNAMAC MICROWAVE, INC.",IL,1,Illinois
"DYNAMIC ENTROPY TECHNOLOGY, LLC",WA,1,Washington
"DYNAMIC LOCOMOTION, INC.",NY,1,New York
"DYNOCARDIA, INC.",MA,2,Massachusetts
Daemen College,NY,1,New York
"Dahlin, Kyle Joseph-Marley",GA,1,Georgia
Dakota College at Bottineau,ND,1,North Dakota
Dakota County Technical College,MN,1,Minnesota
Dakota State University,SD,6,South Dakota
"Dalal, Rahul",CA,1,California
"Dale, Renee",MO,1,Missouri
Dallas College,TX,3,Texas
Dalton State College,GA,2,Georgia
"Daly, Kiara Andrea",NY,1,New York
Dana-Farber Cancer Institute,MA,4,Massachusetts
Dark Enterprises Inc,IN,1,Indiana
Dartmouth College,NH,202,New Hampshire
"Dasari, Mauna",IN,1,Indiana
Dascena,TX,1,Texas
Data & Society Research Institute,NJ,1,New Jersey
Davenport University,MI,2,Michigan
"Davenport, Elizabeth Sarah",MI,1,Michigan
David Lipscomb University,TN,2,Tennessee
"David, Kyle T",TN,1,Tennessee
Davidson College,NC,14,North Carolina
"Davidson, Phillip Luke",IN,1,Indiana
"Davis, Caroline",IN,1,Indiana
"Davis, Courtney Lynn",PA,1,Pennsylvania
"Davis, Dylan S",PA,1,Pennsylvania
"Davis, Jeremy S",IN,1,Indiana
"Davis, Julie",NY,1,New York
"Davison, Dinah R",AZ,1,Arizona
"Dawkins, Aleyah",MD,1,Maryland
"De Furio, Matthew",MI,1,Michigan
DeAngelis               Ross           S,IL,1,Illinois
"DeMattee, Anthony James",IN,1,Indiana
DePaul University,IL,33,Illinois
DePauw University,IN,2,Indiana
"DeRaad, Devon A",KS,1,Kansas
"DeSimone, Joely",MD,1,Maryland
"DeTar, Rachael Ann",CO,1,Colorado
"DeVore, Cherie",NM,1,New Mexico
"DeWitt, Jonathan",IL,1,Illinois
Decision Science Research Institute,OR,5,Oregon
"Deem, Kevin D",NY,1,New York
"Defant, Colin",FL,1,Florida
Defense Counterintelligence and Security Agency,VA,3,Virginia
Defense Information Systems Agency,MD,1,Maryland
Defense Information Systems Agency,VA,1,Virginia
"Degregori, Samuel",CA,1,California
Del Mar College,TX,2,Texas
"Delaney, Colleen",CA,1,California
Delaware State University,DE,28,Delaware
Delaware Technical & Community College Stanton-Newark Campus,DE,1,Delaware
Delaware Valley University,PA,1,Pennsylvania
Delgado Community College,LA,1,Louisiana
"Delorean, Emily E",KS,1,Kansas
Denison University,OH,9,Ohio
Denver Botanic Gardens,CO,1,Colorado
Denver Health and Hospital Authority,CO,1,Colorado
Denver Museum of Nature and Science,CO,6,Colorado
Department of Army Cold Regions Research & Engineering Lab,MS,2,Mississippi
Department of Commerce,VA,1,Virginia
Department of Defense,CA,2,California
Department of Energy Albuquerque Operations Office,NM,3,New Mexico
Department of Energy Oak Ridge Operations Office,TN,7,Tennessee
"Department of Energy, Office of Scientific and Technical Informa",TN,1,Tennessee
Department of the Navy Naval Sea Systems Command,VA,1,Virginia
Des Moines Area Community College,IA,3,Iowa
Des Moines University,IA,1,Iowa
"DesJardins, Nicole S",AZ,1,Arizona
Desert Botanical Garden,AZ,2,Arizona
"Devadas, Sheela",CA,1,California
"Devalapurkar, Sanath",MA,1,Massachusetts
"Dhillon, Gurbir S",CT,1,Connecticut
"Diaz, Renata Montserrat",FL,1,Florida
"Dichiera, Angelina M",TX,1,Texas
Dickinson College,PA,6,Pennsylvania
"Dietrich, Matthew",IN,1,Indiana
Digital Harbor Foundation,MD,4,Maryland
Digital World Biology,WA,1,Washington
Dillard University,LA,5,Louisiana
Dimien Inc.,NY,2,New York
"Dimos, Bradford",TX,1,Texas
Dine College,AZ,4,Arizona
"Diner, Rachel E",CA,1,California
"Ding, David",CA,1,California
"Dinh, Jason P",NC,1,North Carolina
"Dinkins, Hunter G",NC,1,North Carolina
"Director, Hannah Marie",WA,1,Washington
"Dirks, Bradley",MI,1,Michigan
"Dobbin, Kristin B",CA,1,California
Documentary Educational Resources,MA,1,Massachusetts
"Doeffinger, Tess",WV,1,West Virginia
"Domat, George",TX,1,Texas
Dominican University,IL,3,Illinois
Dominican University New York,NY,2,New York
Dona Ana Branch Community College,NM,4,New Mexico
Donald Danforth Plant Science Center,MO,41,Missouri
"Donald, Marion",MD,1,Maryland
"Dong, Tian Y",TX,1,Texas
"Donohue, Mariah E",KY,1,Kentucky
"Doolin, Margaret Louise",UT,1,Utah
"Dordt University, Incorporated",IA,3,Iowa
"Dorfman, Hayley M",MA,1,Massachusetts
"Dottin, James Wosley",MD,1,Maryland
"Dougherty, Paul",WY,1,Wyoming
"Dowdell, Katherine",TX,1,Texas
Drake University,IA,10,Iowa
"Drake, Marjorie K",TX,1,Texas
"Drake, Shiloh",PA,1,Pennsylvania
"Drakopulos, Lauren",WA,1,Washington
Drew University,NJ,2,New Jersey
Drexel University,PA,145,Pennsylvania
"Driver, Robert",NC,1,North Carolina
"Drone Amplified, Inc.",NE,1,Nebraska
Drought Diet Products,CA,1,California
"Drown, Melissa",FL,1,Florida
"Duchicela, Sisimac A",TX,1,Texas
"Duell, Natasha",NC,1,North Carolina
"Duff, Timothy",GA,1,Georgia
Duke University,NC,404,North Carolina
"Dunlap, Alexander Joseph",CA,1,California
"Dunn, Tamsen Jane",CA,1,California
"Dunne, Kieran Bernard Jiamin",PA,1,Pennsylvania
Duquesne University,PA,13,Pennsylvania
Durham Technical Community College,NC,1,North Carolina
"Durkee, Lily F",CO,1,Colorado
"E-2 UNLIMITED TECHNOLOGIES, LLC",MD,1,Maryland
E-ROOTREE LLC,TX,1,Texas
"E-THERA, INC.",TX,1,Texas
"E4THEFUTURE, INC.",MA,1,Massachusetts
EARLY ALZHEIMER'S DIAGNOSTICS LLC,NY,1,New York
"EARNEST AGRICULTURE, INC.",IL,1,Illinois
EARTH IMAGES FOUNDATION,CA,3,California
EARTHEN CARBON LLC,OR,1,Oregon
EARTHEN INC.,AZ,1,Arizona
EARTHSHOT Labs PBC,CA,3,California
"EASCRA BIOTECH, INC.",RI,1,Rhode Island
EAST BAY EDUCATIONAL COLLABORATIVE,RI,1,Rhode Island
EAST TEXAS A&M UNIVERSITY,TX,14,Texas
"EASTIE FARM, INC.",MA,2,Massachusetts
ECATE LLC,CA,2,California
ECHO MIND AI CORP.,CO,2,Colorado
ECHOICS,NY,1,New York
ECHOWEAR LLC,RI,1,Rhode Island
"ECLIPSE ENTEROGENESIS, INC.",CA,2,California
"ECO-SHELTER, INC.",WA,1,Washington
ECOCLOSURE LLC,NC,2,North Carolina
ECOSYSTEMONE LLC,CA,1,California
"ECOTUNE, INC.",CA,2,California
EDEN CONCEPTS LLC,TN,1,Tennessee
"EDEN GEOPOWER, INC.",MA,1,Massachusetts
EDGETENSOR TECHNOLOGIES INC.,TX,1,Texas
"EDNA BIOTECH, INC",CA,1,California
EDNA INC.,MA,1,Massachusetts
EDUCATE MAINE,ME,1,Maine
"EDUMD, LLC",MD,1,Maryland
EDVISION CORP.,FL,1,Florida
"EINO, INC.",NY,1,New York
"ELATEQ, INC.",MA,2,Massachusetts
"ELECTRASTEEL, INC.",CO,1,Colorado
"ELECTROFLOW TECHNOLOGIES, INC.",CA,1,California
"ELEKTRODA, LLC",PA,1,Pennsylvania
"ELEKTRUM TECHNOLOGIES, INC.",TX,1,Texas
ELIF ENVIRONMENTAL LLC,WI,1,Wisconsin
ELITE NEURO INC,CA,1,California
"ELLISON INSTITUTE, LLC",CA,1,California
"EMANATE WIRELESS, INC.",MD,1,Maryland
"EMERALD TUTU INC, THE",MA,2,Massachusetts
EMERGING FUTURES LLC,OR,1,Oregon
EMODE PHOTONIX LLC,CO,1,Colorado
"EMPALLO, INC.",MA,1,Massachusetts
"EMPIRI, INC.",TX,1,Texas
"EMPO HEALTH, INC.",CA,2,California
EMPRISE CONCEPTS LLC,CO,1,Colorado
"EMTRUTH, INC.",CA,2,California
"EMVOLON, INC.",MA,1,Massachusetts
ENABLE LIFE SCIENCES LLC,CT,1,Connecticut
ENABLE THERAPEUTICS LLC,MA,1,Massachusetts
ENCAPSULATE LLC,CT,2,Connecticut
ENCHROMA INC.,CA,1,California
ENCOORD INC,CO,1,Colorado
ENCORE CO2 LLC,LA,1,Louisiana
"ENDEAVOR COMPOSITES, INC.",TN,2,Tennessee
ENDEAVOS INNOVATIONS INC,NY,1,New York
ENDURA THERAPEUTICS INC,CA,1,California
"ENDURACURE, LLC",UT,1,Utah
"ENERGAO, INC.",IL,1,Illinois
"ENERGYXCHAIN, LLC",NC,1,North Carolina
"ENGENIOUSAG, LLC",IA,1,Iowa
"ENGINEERING FOR US ALL, INC.",MD,1,Maryland
ENGINEERING TECHNOLOGIES LLC,FL,1,Florida
ENKOAT LLC,AZ,1,Arizona
ENVIRONMENTAL PROTECTIVE COATINGS LLC,MI,2,Michigan
"ENVISION ENDOSCOPY, INC.",MA,2,Massachusetts
ENVISION HEALTH TECHNOLOGIES INC,PA,1,Pennsylvania
ENVIVO BIO INC,CA,2,California
ENVONICS LLC,FL,1,Florida
"EPIDAURUS HEALTH, INC.",VA,1,Virginia
"EPIImaging, LLC",CA,2,California
"EPIRUS, INC.",CA,1,California
EPIXEGO INC.,CA,2,California
"ERADIVIR, INC.",IN,1,Indiana
ERISYON INC,NY,1,New York
ERLI.AI INC.,MA,1,Massachusetts
ERROR CORP.,MD,1,Maryland
ESM GLOBAL PRODUCTIONS LLC,ME,2,Maine
"ESTAT ACTUATION, INC.",PA,2,Pennsylvania
"ESTE(TM) LEVERAGE, INC.",CA,1,California
"ETALYC, Inc.",IA,1,Iowa
"ETHAR, INC.",AL,1,Alabama
"ETHOS MEDICAL, INC.",GA,2,Georgia
ETR Associates,CA,1,California
"EUGIT THERAPEUTICS, INC.",CA,1,California
"EVOLOH, INC.",CA,2,California
"EVOLUTION DEVICES, INC.",CA,2,California
"EVOLVE GENOMIX, INC.",CA,1,California
EVOSEER LLC,WY,1,Wyoming
"EXCIPLEX, INC.",MI,1,Michigan
"EXIGENT SOLUTIONS, INC.",TX,2,Texas
"EXLATTICE, INC.",NC,1,North Carolina
EXOPOWER INC.,CO,1,Colorado
"EXOTANIUM, INC.",NY,1,New York
"EYEDEA MEDICAL, INC",MD,2,Maryland
"EYSZ, INC.",CA,2,California
EZRABIO INC.,NY,1,New York
"Earl, Alexis D",NY,1,New York
Earlham College,IN,2,Indiana
"Earth Mapping International, Inc.",GA,1,Georgia
"EarthSense, Inc.",IL,2,Illinois
Earthquake Engineering Research Institute,CA,2,California
East Carolina University,NC,57,North Carolina
East Central University,OK,2,Oklahoma
East Los Angeles College,CA,2,California
East Stroudsburg University of Pennsylvania,PA,1,Pennsylvania
East Tennessee State University,TN,6,Tennessee
Eastern Connecticut State University,CT,2,Connecticut
Eastern Florida State College,FL,1,Florida
Eastern Illinois University,IL,2,Illinois
Eastern Iowa Community College,IA,3,Iowa
Eastern Kentucky University,KY,7,Kentucky
Eastern Mennonite University,VA,2,Virginia
Eastern Michigan University,MI,14,Michigan
Eastern New Mexico University Main Campus,NM,3,New Mexico
Eastern Washington University,WA,8,Washington
"Ebel, Emily R",CA,1,California
Eckerd College,FL,3,Florida
Ecohealth Alliance inc.,NY,1,New York
"Ecolectro, Inc",NY,1,New York
"Edgar, Allison",FL,1,Florida
Edgecombe Community College,NC,1,North Carolina
Edmonds Community College,WA,2,Washington
"Edmonds, Ranthony A C",OH,1,Ohio
Ednovo,CA,1,California
Education Connection,CT,6,Connecticut
Education Development Center,MA,20,Massachusetts
Education NorthWest,OR,1,Oregon
Educational Testing Service,NJ,8,New Jersey
Eduworks Corporation,WA,2,Washington
Edward Waters College,FL,2,Florida
"Edwards, Graham Harper",CA,1,California
"Edwards, Joseph",TN,1,Tennessee
"Edwards, Julie",AZ,1,Arizona
"Ehichioya, David Ehireme",TX,1,Texas
"Eife, Erin",IL,1,Illinois
EigenPatterns Inc.,CA,1,California
"Eisen, Katherine Elizabeth",NY,1,New York
El Camino College,CA,1,California
El Paso County Community College,TX,1,Texas
Elaine P. Nunez Community College,LA,1,Louisiana
Eldridge                Sherri         A,MA,1,Massachusetts
Electrical and Computer Engineering Department Heads Association,IL,4,Illinois
Electro Magnetic Applications Inc Denver,CO,1,Colorado
Electronic Bio Sciences,CA,1,California
Elizabeth City State University,NC,9,North Carolina
Elizabethtown College,PA,5,Pennsylvania
"Elliott Smith, Rosemary",IL,1,Illinois
"Ellison, Erika",MN,1,Minnesota
Elmhurst University,IL,4,Illinois
Elon University,NC,6,North Carolina
"Elsevier, Inc.",MO,1,Missouri
Emagine Solutions Technology,AZ,2,Arizona
Embry-Riddle Aeronautical University,FL,73,Florida
Emerson College,MA,2,Massachusetts
Emmanuel College,MA,4,Massachusetts
Emory                   Melissa        L,MO,1,Missouri
Emory University,GA,182,Georgia
"Endangered Language Fund, Inc.",CT,4,Connecticut
Endicott College,MA,1,Massachusetts
Engineering Biology Research Consortium,CA,1,California
"Engineering Conferences International, Inc.",NY,2,New York
"Ennis, Katherine",CA,1,California
Entomological Society of America,MD,1,Maryland
Environmental Defense Fund,NY,1,New York
Eonix LLC,TN,1,Tennessee
"Epstein, Gabe S",WA,1,Washington
Erie Community College,NY,2,New York
Ernest Pharmaceuticals,MA,1,Massachusetts
"Esbach, Michael",CO,1,Colorado
"Eshun-Wilson, Lisa",CA,1,California
"Espinosa, Matthew Ryan",CA,1,California
"Eur, Christopher",CA,1,California
Eureka Scientific Inc,CA,2,California
EvREsearch LTD,CA,1,California
Everett Community College,WA,2,Washington
Evergreen State College,WA,3,Washington
Evergreen Valley College,CA,2,California
"Everix, Inc.",FL,1,Florida
Exploratorium,CA,5,California
"Explore Interactive, Inc.",IN,1,Indiana
Eye-Predict,CA,1,California
Eyes in Synch LLC,CA,1,California
FA7001 USAFA OFC OF RSRCH USAFA DF,CO,1,Colorado
"FAKHRO, LOUAY K",CA,2,California
FALCON FUEL CELLS INC.,NY,1,New York
FARMSENSE INC.,CA,5,California
FAS HOLDINGS GROUP,TX,1,Texas
"FC RENEW, LLC",TN,2,Tennessee
FEATHER RIVER COMMUNITY COLLEGE DISTRICT,CA,1,California
FEDERAL AVIATION ADMINISTRATION,OK,1,Oklahoma
FEDERAL LAW ENFORCEMENT TRAINING CENTER,GA,3,Georgia
FEEL WITH ME LLC,FL,1,Florida
"FELIX BIOTECHNOLOGY, INC.",CA,1,California
FEMTOFLUIDICS INCORPORATED,MN,1,Minnesota
"FEMTOMAG, INC.",TX,1,Texas
"FEMTOSENSELABS, LLC",IN,1,Indiana
"FENIX SPACE, INC.",CA,1,California
"FERMI ENERGY, INC.",VA,1,Virginia
"FIBARCODE, LLC",TN,1,Tennessee
FIBROSIX INC.,MI,1,Michigan
FIELD PROPULSION TECHNONOGIES INC.,CO,2,Colorado
"FIGURE 8, INC.",CA,1,California
"FILTRAVATE, INC.",AR,1,Arkansas
"FINIKS FORGE, INC.",NY,1,New York
FIRELINE SCIENCE LLC,AZ,2,Arizona
FIRST WATER TECHNOLOGY CO.,CA,1,California
FIRSTTHEN INC,TX,1,Texas
FITOTO TECHNOLOGIES INC.,CA,1,California
"FLAWLESS PHOTONICS, INC.",CA,1,California
"FLEX ORTHOPAEDICS, INC.",CA,1,California
"FLO MATERIALS, INC.",CA,1,California
FLOBIO LLC,PA,1,Pennsylvania
"FLORICA THERAPEUTICS, INC.",CA,1,California
"FLORIDA ASSOCIATION FOR NANOBIOTECHNOLOGY, INC",FL,2,Florida
"FLORIDAMAKES, INC.",FL,2,Florida
"FLOW RAIDER, LLC",MD,1,Maryland
FLUENT METAL INC.,MA,1,Massachusetts
FLUID REALITY INCORPORATED,IL,1,Illinois
"FLUIDFORM, INC.",MA,1,Massachusetts
FLUIDION US Inc.,CA,1,California
FLUX MARINE LTD,RI,1,Rhode Island
"FLUXMAGIC, INC.",OR,1,Oregon
"FLUXWORKS, INC.",TX,2,Texas
FOLDE INC,CA,1,California
FOLI BIO INC.,NY,1,New York
"FOLI RESEARCH, LLC",CA,2,California
FOLIA Materials Inc.,MA,1,Massachusetts
FOOGLY CORP,NJ,1,New Jersey
"FORAGR MEDICINES, INC",NC,1,North Carolina
FORCAST ORTHOPEDICS INC,CO,1,Colorado
FORCHUN LLC,CA,1,California
FORESIGHTCARES INC.,NC,2,North Carolina
FORM FINDING STUDIO LLC,PA,1,Pennsylvania
"FORSEE, LLC",AL,1,Alabama
FOURIER LLC,MA,1,Massachusetts
"FOURTH POWER, INC.",MA,2,Massachusetts
FRANKLIN PIERCE UNIVERSITY,NH,1,New Hampshire
FRED HUTCHINSON CANCER CENTER,WA,3,Washington
"FREE TO FEED, INC.",DE,1,Delaware
FREESCALE LLC,NC,2,North Carolina
FRESHKUBE INC.,AZ,1,Arizona
"FREYYA, INC.",UT,1,Utah
FRIA INC.,NJ,1,New Jersey
FRINGE METROLOGY LLC,AZ,1,Arizona
FRONTIER BIO CORP,CA,1,California
FRONTLINE BIOTECHNOLOGIES INC.,MN,2,Minnesota
"FROSTDEFENSE ENVIROTECH, INC.",IL,2,Illinois
FRUGI BIOTECHNOLOGY INC.,IA,1,Iowa
"FULL CIRCLE MICROBES, INC.",VT,1,Vermont
"FUM TECHNOLOGIES, INC",MA,1,Massachusetts
"FUNCTION THERAPEUTICS, INC.",WI,1,Wisconsin
FUTURE EARTH,CO,8,Colorado
"FUTURE SEMICONDUCTOR BUSINESS, INC.",VA,1,Virginia
FUTURESTHRIVE LTD,CT,1,Connecticut
"FUZEHUB, INC.",NY,1,New York
FYBRAWORKS FOODS INC.,MN,1,Minnesota
"FYR DIAGNOSTICS, INC.",MT,1,Montana
Fair                    Heather,OH,1,Ohio
"Fairbanks, Dawson E",AZ,1,Arizona
Fairfield University,CT,8,Connecticut
Fairleigh Dickinson University,NJ,4,New Jersey
Fairmont State University,WV,2,West Virginia
"Falk, Jay J",WA,1,Washington
Family Health International,NC,2,North Carolina
"Fang, Allen Juntao",NJ,1,New Jersey
"Fanter, Cornelia E",NV,1,Nevada
Farallon Institute for Advanced Ecosystem Research,CA,2,California
"Farleigh, Keaka",OH,1,Ohio
"Farrant, Damien Nākoa",CA,1,California
"Farrar, Victoria S",CA,1,California
"Farther Farms, Inc.",NY,1,New York
Fashion Institute of Technology,NY,1,New York
"Fathhome, Inc.",CA,1,California
"Favela, Alonso",IL,1,Illinois
Fayetteville State University,NC,17,North Carolina
"Feder, Jacob Alexander",NY,1,New York
Federation of Amer Societies For Exper Biology,MD,12,Maryland
"Felician University, A New Jersey Nonprofit Corporation",NJ,2,New Jersey
"Fenley, Andreia",NY,1,New York
"Fernandez, Nicolas",MI,1,Michigan
"Ferric Contrast, Inc.",NY,1,New York
Ferris State University (Inc.),MI,7,Michigan
"Fetrow, Anne C",CO,1,Colorado
"Fetters, Andrea Marie",PA,1,Pennsylvania
"Fettrow, Sean",PA,1,Pennsylvania
Field Museum of Natural History,IL,13,Illinois
"Field, Elizabeth Catherine",IL,1,Illinois
Fielding Graduate University,CA,2,California
"Figueroa, Alejandro",MO,1,Missouri
"Figueroa, Laura Lucia",NY,1,New York
"Figueroa-Cuilan, Wanda Melissa",MD,1,Maryland
"Filmmakers Collaborative, Inc.",MA,1,Massachusetts
"Filwett, Rachael",IA,1,Iowa
"Fine, Julia Coombs",CA,1,California
Finger Lakes Community College,NY,1,New York
"Finocchiaro, Jessica J",CO,1,Colorado
"Fiocca, Katherine",PA,1,Pennsylvania
"Firneno, Thomas J",TX,1,Texas
Fish and Wildlife Research Institute,FL,1,Florida
"Fisher, Kaleigh",CA,1,California
Fisk University,TN,12,Tennessee
"Fitch, Amelia A",VT,1,Vermont
"Fitch, Erin Piper",HI,1,Hawaii
"Fitch, Gordon",MI,1,Michigan
Fitchburg State University,MA,3,Massachusetts
Flathead Valley Community College,MT,1,Montana
"Fleskes, Raquel E.",PA,1,Pennsylvania
"Fleurantin, Emmanuel T",FL,1,Florida
"Flor, Fernando Antonio",TX,1,Texas
FloraPulse Co,CA,1,California
Florence-Darlington Technical College,SC,1,South Carolina
"Flores, Kenneth Ray",TX,1,Texas
Florida Agricultural and Mechanical University,FL,74,Florida
Florida Atlantic University,FL,87,Florida
Florida Gulf Coast University,FL,13,Florida
"Florida Institute for Human and Machine Cognition, Inc.",FL,3,Florida
Florida Institute of Technology,FL,37,Florida
Florida International University,FL,260,Florida
Florida Memorial University,FL,4,Florida
Florida Polytechnic University,FL,6,Florida
Florida Southern College,FL,2,Florida
Florida State College at Jacksonville,FL,8,Florida
Florida State University,FL,261,Florida
Flotherm Inc,CA,1,California
"Floyd, Samantha B",CT,1,Connecticut
"Flynn, Peter J",IL,1,Illinois
Fond du Lac Tribal and Community College,MN,1,Minnesota
"Fontaine, Samantha S",PA,1,Pennsylvania
Foothill-De Anza Community College District,CA,1,California
"Forbes, Elizabeth S",CA,1,California
"Ford, Kassandra",LA,1,Louisiana
Fordham University,NY,24,New York
"Forer, Joshua",FL,1,Florida
Foresight Science & Technology Incorporated,MA,1,Massachusetts
"Forest Devices, Inc",PA,1,Pennsylvania
Forsyth Technical Community College,NC,2,North Carolina
Fort Hays State University,KS,5,Kansas
Fort Lewis College,CO,6,Colorado
Fort Peck Community College,MT,1,Montana
Fort Valley State University,GA,6,Georgia
"Fortiphyte, Inc.",CA,1,California
"Forward Edge AI, Inc.",TX,2,Texas
"Foundation for Applied Molecular Evolution, Inc.",FL,4,Florida
Foundation for California Community Colleges,CA,2,California
"Fowler, Joshua Clark",TX,1,Texas
"Fox, Maria",OR,1,Oregon
"Fraik, Alexandra Kaye",WA,1,Washington
Framingham State University,MA,1,Massachusetts
Francis Marion University,SC,3,South Carolina
"Francis, Jacob S",CA,1,California
"Francoeur, Charlotte Barnet",WI,1,Wisconsin
Franklin County Historical Society,OH,1,Ohio
Franklin W. Olin College of Engineering,MA,11,Massachusetts
Franklin and Marshall College,PA,17,Pennsylvania
"Franklin, Emily Barnes",CA,1,California
"Frans, Veronica Felicia",MI,1,Michigan
"Fraser, Adrian E",WI,1,Wisconsin
Fraunhofer USA Center for Coatings and Diamond Technologies,MI,1,Michigan
"Frayer, Megan E",WI,1,Wisconsin
"Frechette, Claire E",MN,1,Minnesota
Fred Hutchinson Cancer Research Center,WA,1,Washington
Frederick Community College,MD,1,Maryland
"Frederiksen, Anne Therese",CA,1,California
Freedman                Micah          G,CA,1,California
Fresno City College,CA,2,California
"Freundlich, Grace",KY,1,Kentucky
"Fridovich-Keil, Sara",CA,1,California
"Friedman, Daniel A",CA,1,California
Friends of the North Carolina State Museum of Natural Sciences,NC,3,North Carolina
"Frisch, Joshua Robert",CA,1,California
"Froehlich, Catheline Yasmin-Magali",AL,1,Alabama
Front Range Community College,CO,4,Colorado
Frostburg State University,MD,1,Maryland
"Frostig, Danielle",MA,1,Massachusetts
FruitVaccine Incorporation,IL,1,Illinois
"Fu, Beverly",CA,1,California
"Fu, Wanying",CA,1,California
"Fudyma, Jane D",CA,1,California
"Fugiel, Peter J",IL,1,Illinois
Fullerton College,CA,2,California
Fund For the City of New York,NY,1,New York
"Funk, Erik R",CO,1,Colorado
Funxion Wear,TX,1,Texas
Furman University,SC,18,South Carolina
"Fuster Aguilera, Rosa Maria",CO,1,Colorado
"G-SPACE, INC",CA,1,California
"GAIA AI, INC",MA,2,Massachusetts
"GALAXY THERAPEUTICS, LLC",CA,1,California
GALLOX SEMICONDUCTORS INC.,NY,1,New York
GALVANIX INC.,OH,1,Ohio
GASKIYA DIAGNOSTICS LLC,MD,1,Maryland
"GATE SCIENTIFIC, INC.",CA,1,California
GAVILAN JOINT COMMUNITY COLLEGE DISTRICT,CA,1,California
GELASTOMERICS LLC,CO,1,Colorado
GEMINATIO,NY,1,New York
GEMINATIO INC.,NY,1,New York
GENALPHA NUCLEAR TECHNOLOGIES LLC,MI,1,Michigan
GENASSIST INC,MO,1,Missouri
GENCORES LLC,MA,2,Massachusetts
GENERATE LLC,MA,1,Massachusetts
GENEXGEN INC,CA,1,California
"GENIPHYS, LLC",IN,1,Indiana
"GEOFINANCIAL ANALYTICS, INC.",CA,1,California
GEOLABE LLC,NM,1,New Mexico
"GEOLOGICAL SURVEY, UNITED STATES DEPT OF",VA,2,Virginia
"GEOMAT, LLC",SC,1,South Carolina
GEOMETRIC DATA ANALYTICS,NC,1,North Carolina
"GEORGIA BIOSCIENCES ORGANIZATION, INC.",GA,1,Georgia
GFORCE ANIMATION INC,TX,1,Texas
GIANT BIOSYSTEMS INC.,CA,1,California
GIWOTECH INC.,MA,1,Massachusetts
GLAIVE MEDICAL OPTICS INC,LA,1,Louisiana
"GLOBAL ATMOSPHERIC TECHNOLOGIES AND SCIENCES, INC.",VA,8,Virginia
"GLOBAL COOLING TECHNOLOGY GROUP, LLC",AZ,2,Arizona
GLOBAL ENERGY CORPORATION,VA,1,Virginia
GLOBAL FUND FOR WOMEN INC,CA,1,California
GLOBAL PHILANTHROPY PARTNERSHIP,IL,1,Illinois
GLOBE BIOMEDICAL LLC,CA,1,California
GLOSSIFI INC.,SC,1,South Carolina
"GMJ TECHNOLOGIES, INC.",WA,1,Washington
GMTO CORPORATION,CA,2,California
"GNU COMPANY, LLC",MA,1,Massachusetts
GODWIT KEY COMPANY,CA,2,California
"GOODMAN CONSULTING GROUP, LLC",AZ,1,Arizona
"GOTENNA, INC.",NJ,1,New Jersey
GP IONICS LLC,NM,1,New Mexico
"GPRA Strategic Management, Inc.",MD,1,Maryland
"GRADIENT MEDICAL, INC.",NC,1,North Carolina
GRAIN WEEVIL CORPORATION,NE,2,Nebraska
"GRANTED ADVISORS, LLC",LA,1,Louisiana
GRAPHENETX INC,TX,1,Texas
GRAVEL CAPITAL LLC,PA,2,Pennsylvania
GRAYMATTER ROBOTICS INC.,CA,2,California
"GRAYSKYTECH, INC",WA,1,Washington
"GREEN LIGHT LABS, INC.",CA,1,California
"GREEN MAGIC HOMES, INC.",FL,1,Florida
"GREEN SUN MEDICAL, LLC",CO,2,Colorado
"GREENKEY, LLC",NC,1,North Carolina
"GREENSIGHT AGRONOMICS, INC.",MA,2,Massachusetts
"GRID MODERNIZATION SOLUTIONS, L.L.C.",UT,2,Utah
GRID7 LLC,CO,2,Colorado
GRIDIRON ROBOTICS LLC,PA,1,Pennsylvania
GRIT BIO INC,NY,1,New York
GRO BIOSCIENCES INC,MA,1,Massachusetts
"GROTTHUSS, INC.",OR,1,Oregon
"GROUND CONTROL ROBOTICS, INC.",GA,1,Georgia
"GROUP1, INC.",TX,1,Texas
"GROW OYSTER REEFS, LLC",VA,2,Virginia
GUARDIANSAT LLC,FL,1,Florida
"GUARDION, INC.",MA,1,Massachusetts
"GYROPALM, LLC",CA,1,California
"Gaetz, Christian Richard",MA,1,Massachusetts
"Gallant, Elisabeth",FL,1,Florida
"Galt, Dylan",NY,1,New York
Galveston College,TX,1,Texas
"Gamble, Madilyn Marisa",NH,1,New Hampshire
"Gammage, Benjamin",FL,1,Florida
Gannon University,PA,1,Pennsylvania
"Gao, Shiliang",IL,1,Illinois
"Garces, Kylea Rose",KY,1,Kentucky
"Garcia, Erika Loaiza",CO,1,Colorado
"Garcia, Fortino M",CO,1,Colorado
"Garcia, Joshua",NY,1,New York
"Gardner, Kristen Elise",CA,1,California
"Garner, Casey",MN,1,Minnesota
"Garrison, Cody E",NC,1,North Carolina
"Gasic, Andrei G",TX,1,Texas
Gateway Technical College,WI,1,Wisconsin
"Gaughran, Stephen John",CT,1,Connecticut
"Gaynor, Michelle L",FL,1,Florida
"Gedman, Gregory Louis",NY,1,New York
"GelSight, Inc",MA,1,Massachusetts
"Geller, Sarah R",MA,1,Massachusetts
General Electric Global Research Center,NY,1,New York
"General Engineering & Research, L.L.C.",CA,1,California
General Probiotics Inc,MN,1,Minnesota
Genetics Society of America,MD,2,Maryland
Geneva College,PA,1,Pennsylvania
George C. Wallace State Community College-Hanceville,AL,1,Alabama
George Fox University,OR,1,Oregon
George Mason University,VA,315,Virginia
"George, Andrew Bradley",GA,1,Georgia
"George, Erin Wise",CA,1,California
Georgia Biomedical Partnership,GA,1,Georgia
Georgia College,GA,5,Georgia
Georgia Gwinnett College,GA,8,Georgia
Georgia Piedmont Technical College,GA,4,Georgia
Georgia Research Alliance,GA,1,Georgia
"Georgia Southern University Research and Service Foundation, Inc",GA,42,Georgia
"Georgia State University Research Foundation, Inc.",GA,135,Georgia
Georgia Tech Applied Research Corporation,GA,3,Georgia
Georgia Tech Research Corporation,GA,785,Georgia
"German, Austin A",TX,1,Texas
Germanna Community College,VA,1,Virginia
Gettysburg College,PA,7,Pennsylvania
"Giacalone, Steven A",CA,1,California
Giant Screen Films,IL,1,Illinois
"Gibbs, William C",CA,1,California
"Gibson, Derek K",IN,1,Indiana
"Gilbert, Neil",WI,1,Wisconsin
"Giles, Sarah Marie",NY,1,New York
"Gilman, Ian S",CT,1,Connecticut
"Gilmer, Humberto Bruce",OH,1,Ohio
"Girouard-Hallam, Lauren Nicole",KY,1,Kentucky
"Glasgow, Margalit R",CA,1,California
Glendale Community College,CA,1,California
Gloucester Marine Genomics Institute,MA,2,Massachusetts
"Godfrey, Rebekah Keating",AZ,1,Arizona
"Goeckeritz, Charity Z",MI,1,Michigan
Goeppert LLC,PA,1,Pennsylvania
"Goldberg, Jay Keche",IN,1,Indiana
"Goldberg, Samuel L",MA,1,Massachusetts
"Goldman, Katherine May",OH,1,Ohio
"Golec, Joseph E",IL,1,Illinois
"Golos, Eva",MA,1,Massachusetts
"Gomez, Roberto Antonio",OR,1,Oregon
"Gong, Yan",MA,1,Massachusetts
Gonzaga University,WA,4,Washington
"Gonzalez Solis, Ariadna",WI,1,Wisconsin
"Gonzalez, Jorge L",FL,1,Florida
"Gonzalez, Joseph P",NY,1,New York
"Goodman, McFeely Jackson",PA,1,Pennsylvania
"Gorchov Negron, Alan",MI,1,Michigan
Gordon College,MA,1,Massachusetts
Gordon Research Conferences,RI,189,Rhode Island
Goshen College,IN,1,Indiana
"Gotti, Felix",CA,1,California
Governors State University,IL,2,Illinois
"Graber, Leland Carl",NY,1,New York
"Graham, Cole",CA,1,California
Grambling State University,LA,5,Louisiana
Grand Canyon University,AZ,1,Arizona
Grand Rapids Community College,MI,2,Michigan
Grand Valley State University,MI,18,Michigan
Grand View College,IA,2,Iowa
Grayson County Junior College District,TX,1,Texas
Great Minds in STEM,CA,1,California
Greater Washington Educational Telecommunications Association,VA,2,Virginia
Green River Community College,WA,3,Washington
"Green, Andrew Walton",SC,1,South Carolina
Greenville Technical College,SC,2,South Carolina
"Greer, Matthew Clark",VA,1,Virginia
"Griego, Michael",NM,1,New Mexico
"Griffin, Chasen D",HI,1,Hawaii
"Griffin, Christopher T",VA,1,Virginia
"Griffing, Aaron H",WI,1,Wisconsin
"Griffith, Emily J",OH,1,Ohio
"Grindstaff, Gillian R",TX,1,Texas
Grinnell College,IA,13,Iowa
"Guerrera, Alexa G",FL,1,Florida
"Guevara, Jed Sam Pizarro",MA,1,Massachusetts
Guilford College,NC,3,North Carolina
"Guimond, Julia",NH,1,New Hampshire
Gulf of Maine Research Institute,ME,10,Maine
Gustavus Adolphus College,MN,6,Minnesota
"Guzman, Aidee",CA,1,California
"Gwynne, Araminta Amabel",MA,1,Massachusetts
"Gyllenhaal, Ethan F",NM,1,New Mexico
"H-BAR INSTRUMENTS, LLC",MI,2,Michigan
H. Lee Moffitt Cancer Center and Research Institute Hospital Inc,FL,4,Florida
H.T. Harvey & Associates,CA,2,California
H2C ENERGY INC.,MA,1,Massachusetts
"HABITAWARE, INC.",MN,1,Minnesota
"HAIRDAYS, INC.",NY,2,New York
"HALCYON BIOMEDICAL, INCORPORATED",TX,1,Texas
"HALO CURES, INC.",IL,1,Illinois
HALOMINE INC.,NY,3,New York
"HARDSHELL LABS, INC.",CA,1,California
"HARPE BIOHERBICIDE SOLUTIONS, INC.",NC,1,North Carolina
HARRIS-STOWE STATE UNIVERSITY,MO,4,Missouri
"HARRISBURG UNIVERSITY OF SCIENCE AND TECHNOLOGY, THE",PA,1,Pennsylvania
"HARVEST THERMAL, INC.",CA,2,California
HAWAII INTEGRATED ANALYTICS LLC,HI,1,Hawaii
HAWAII SCIENCE AND TECHNOLOGY MUSEUM,HI,1,Hawaii
"HC Simulation, LLC",MS,1,Mississippi
HEALING INNOVATIONS INC,TN,1,Tennessee
HEALTHPARTNERS Institute,MN,1,Minnesota
HEALTHTRENDS.AI LLC,NY,1,New York
"HEAT INVERSE, LLC",NY,1,New York
"HEIGHTS LABS, INC.",NY,1,New York
HELIOS POMPANO INC,FL,2,Florida
"HELIPONIX, LLC",IN,2,Indiana
HELIX EARTH TECHNOLOGIES INC,TX,2,Texas
HEN NOZZLES INC.,CA,2,California
HENDTECH LLC,SC,1,South Carolina
HENSUN INNOVATION LLC,WA,1,Washington
HERA GLOBAL TECH INC.,PA,1,Pennsylvania
HERA HEALTH SOLUTIONS INC.,TX,1,Texas
HERMES LIFE SCIENCES LTD,MD,2,Maryland
"HEROWEAR, LLC",TN,1,Tennessee
"HEXAKIT, INC.",OK,1,Oklahoma
"HEYKIDDO, LLC",PA,2,Pennsylvania
"HIDALGA TECHNOLOGIES, LLC",AR,1,Arkansas
"HIGGINS ENVIRONMENTAL ASSOCIATES, INC.",MA,1,Massachusetts
"HIGHER EDUCATION, CONNECTICUT BOARD OF REGENTS FOR",CT,1,Connecticut
"HIKARI LABS, INC.",PA,1,Pennsylvania
HISPANIC FEDERATION INC,NY,1,New York
HISTONE THERAPEUTICS CORP.,WA,1,Washington
HOMININ.AI INC.,WA,1,Washington
"HOOFPRINT BIOME, INC.",NC,1,North Carolina
"HOUR 72, INC.",CT,1,Connecticut
HOVERR INC.,CA,1,California
HPLUS INC,CA,1,California
HUMANGO INC,CO,1,Colorado
"HUUE, Inc.",CA,2,California
"HUXLEY MEDICAL, INC.",GA,2,Georgia
HYDROPORE TECHNOLOGIES LLC,PA,1,Pennsylvania
HYFI LLC,MI,2,Michigan
HYPERION TECHNOLOGIES LLC,VA,1,Virginia
HYPERKELP INC,CA,1,California
"HYPERSOUND MEDICAL, INC.",AZ,1,Arizona
HYPOGENICA LLC,AL,1,Alabama
"HYPRLIFT, INC.",CA,2,California
"HYQ RESEARCH SOLUTIONS, LLC",TX,2,Texas
HYSA FILLERS L.L.C.,CO,2,Colorado
"Ha, Byunghang",CA,1,California
"Hafner, Elena S",NY,1,New York
"Hafri, Alon",MD,1,Maryland
Haghnegahdar            Mojhgan,MD,1,Maryland
"Haima Therapeutics, LLC",OH,1,Ohio
"Haine, Peter James",MA,1,Massachusetts
"Hale, Kayla R S",MI,1,Michigan
"Hall, Zack B",CA,1,California
"Hallgren, Maximilien",NY,1,New York
Halloway                Abdel,IL,1,Illinois
"Ham, Allison C",SC,1,South Carolina
"Hamann, David Linus",NY,1,New York
"Hamchand, Randy",CT,1,Connecticut
Hamilton College,NY,12,New York
Hamline University,MN,1,Minnesota
"Hammond, William",OK,1,Oklahoma
Hampton University,VA,29,Virginia
"Haney, Bobby Tyrell",FL,1,Florida
"Haney, Ryuichi S",NY,1,New York
"Hankel, Camille",MA,1,Massachusetts
"Hannappel, Madeline Pratt",TX,1,Texas
"Hantak, Maggie",FL,1,Florida
"Harder, Avril M",AL,1,Alabama
Harding University Main Campus,AR,3,Arkansas
"Hardison, Emily A",CA,1,California
Harford Community College,MD,2,Maryland
"Harmon, Emily",NC,1,North Carolina
"Harraz, Deiaa",MA,1,Massachusetts
"Harris, Gabriella Rossetto",CO,1,Colorado
"Harris, Jacob",AZ,1,Arizona
"Hart, Pamela Beth",LA,1,Louisiana
"Hartman, Jasenia",MA,1,Massachusetts
Hartnell College,CA,1,California
Hartwick College,NY,2,New York
Harvard University,MA,360,Massachusetts
Harvest Moon Automation,MA,2,Massachusetts
Harvey Mudd College,CA,32,California
Haskell Foundation,KS,1,Kansas
"Haskins Laboratories, Inc.",CT,4,Connecticut
"Haskins, Jessica Danielle",WA,1,Washington
Hastings Center,NY,1,New York
Hauptman-Woodward Medical Research Institute Inc,NY,3,New York
Haverford College,PA,16,Pennsylvania
"Havranek, Rachel E",CO,1,Colorado
Hawaii Pacific University,HI,11,Hawaii
"Hayes, Abigail M",WA,1,Washington
"He, Xiaoyu",CA,1,California
Health Research Incorporated/New York State Department of Health,NY,2,New York
"Health Technology Innovations, Inc.",OR,2,Oregon
Heartland Community College,IL,1,Illinois
"Hecht, Cameron A",WI,1,Wisconsin
Heila Technologies Inc.,MA,1,Massachusetts
"Heirloom Carbon Technologies, Inc.",CA,1,California
"Heisel, Michael",MN,1,Minnesota
"Hejazi, Nima S",CA,1,California
"Heliobiosys, Inc",CA,2,California
"Heller, Lauren Cranton",CA,1,California
"Hemenway, Gregory",TX,1,Texas
Hendrix College,AR,3,Arkansas
"Hennelly, Lauren Mae",IL,1,Illinois
Hennepin Technical College,MN,1,Minnesota
"Henning, Paige M",WA,1,Washington
"Henry, Christian",CA,1,California
Hensley                 Nicholai       M,CA,1,California
Heritage University,WA,1,Washington
"Hernandez, Catherine Amanda",CA,1,California
"Hernandez, Damian",FL,1,Florida
"Hernandez, Felipe",CA,1,California
"Hernandez, Fred Ariel",CA,1,California
"Hernandez, Jessica",VA,1,Virginia
"Hexalayer, LLC",KY,1,Kentucky
"Hickok, Abigail",CA,1,California
"Higa, Justin T",CA,1,California
"Higashi, Clesson",GA,1,Georgia
High Point University,NC,4,North Carolina
Higher Education Policy Commission,WV,2,West Virginia
Highline Community College,WA,4,Washington
Hillsborough Community College,FL,3,Florida
Himet Materials LLC,CA,1,California
"Himwich, Zoe",MD,1,Maryland
Hinds Community College-Utica,MS,2,Mississippi
"Hippee, Alaine C",IA,1,Iowa
Hispanic Association of Colleges and Universities,TX,5,Texas
History of Science Society,PA,1,Pennsylvania
"Hite, Emily B",CO,1,Colorado
"Hiura, Lisa",CO,1,Colorado
"Hixon, Sean W",OR,1,Oregon
"Ho, Stephanie H",TX,1,Texas
Hobart and William Smith Colleges,NY,10,New York
"Hodge, Rachel",NY,1,New York
"Hodges, Anthony",NY,1,New York
Hofstra University,NY,19,New York
"Hogan, Michael P",FL,1,Florida
"Hoganson, Hannah Lynn",MD,1,Maryland
"Hogikyan, Allison",NJ,1,New Jersey
"Holdridge, Erica Marie",FL,1,Florida
Hollins University,VA,2,Virginia
Holy Family College,PA,1,Pennsylvania
Holyoke Community College,MA,2,Massachusetts
"Hong, David",PA,1,Pennsylvania
"Hong, Isabel",NJ,1,New Jersey
Hood College,MD,3,Maryland
"Hoover, William Floyd",MD,1,Maryland
"Hopa Mountain, Inc.",MT,1,Montana
Hope College,MI,17,Michigan
Horizon Research Inc,NC,7,North Carolina
"Horschler, Daniel James",AZ,1,Arizona
"Hotchkiss, James Emerson",MI,1,Michigan
Housatonic Community College,CT,1,Connecticut
Houston Baptist University,TX,5,Texas
Houston Community College,TX,2,Texas
Howard Community College,MD,1,Maryland
Howe Industries LLC,AZ,2,Arizona
"Howes, Bolton John",NJ,1,New Jersey
"Huang, Brice",MA,1,Massachusetts
"Huang, Caroline",MA,1,Massachusetts
"Huang, Daoji",MN,1,Minnesota
Hubbard Brook Research Foundation,NH,2,New Hampshire
Hudson County Community College,NJ,2,New Jersey
Hudson Valley Community College,NY,3,New York
"Hudson, Sa-kiera T",CT,1,Connecticut
HudsonAlpha Institute for Biotechnology,AL,9,Alabama
"Hugelmeyer, Cole W",NJ,1,New Jersey
"Hugo W. Moser Research Institute at Kennedy Krieger, Inc.",MD,1,Maryland
Human Relations Area Files,CT,2,Connecticut
"Hummingbird Nano, Inc.",KY,1,Kentucky
"Hunter, Arianne Chenice",GA,1,Georgia
"Hunter, Nathanael H",TX,1,Texas
Hurricane Island Foundation,ME,1,Maine
"Hurtado, Omar",CA,1,California
Huston-Tillotson University,TX,3,Texas
"Hutter, Carl",KS,1,Kansas
"Hyde, Trevor",MI,1,Michigan
Hyphae Design Lab,CA,2,California
Hyung                   Eugenia,CA,1,California
IAMBIC INC.,NY,2,New York
"IASO THERAPEUTICS, INC.",MI,1,Michigan
"IBALLISTIX, LLC",MD,1,Maryland
IBM Thomas J Watson Research Center,NY,2,New York
"ICAMR, INC.",FL,1,Florida
ICARUS QUANTUM INC.,CO,1,Colorado
ICORIUM ENGINEERING COMPANY,KS,2,Kansas
ICOSA COMPUTING,NY,1,New York
"ICTERO MEDICAL, INC.",TX,2,Texas
"IDAHO, STATE OF",ID,1,Idaho
"IDEA51, LLC",ID,1,Idaho
"IDEM, LLC",FL,1,Florida
"IF, LLC",WI,1,Wisconsin
IIAM CORPORATION,CA,2,California
"IKONA, INC.",NY,1,New York
"ILAMBDA, INC.",OH,1,Ohio
"ILLUMINANT SURGICAL, INC.",CA,2,California
"ILLUMINATE THERAPEUTICS, INC.",CA,1,California
"IM TECHNOLOGIES, LLC",NY,1,New York
"IMAGINAG TECH, LLC",OH,1,Ohio
IMMERGO LLC,CA,2,California
IMMERSIVE REALITY GROUP LLC,MT,1,Montana
"IMMUNO NANO MED, INC",IA,1,Iowa
IMPACT ALLIES INC,FL,5,Florida
IMPACT PHOTONICS LLC,MA,1,Massachusetts
"IMPACT PROTEOMICS, LLC",PA,1,Pennsylvania
"IMPERIUM TECHNOLOGIES, INC.",TX,1,Texas
IMPRESSIO INC,CO,2,Colorado
IMVELA CORP.,NY,2,New York
IN CONTEXT REPORTING INC,TX,1,Texas
IN VIRTUALIS LLC,WA,1,Washington
INA SOLUTIONS INC.,VA,1,Virginia
"INAEDIS, INC",NJ,2,New Jersey
INATURALIST,CA,1,California
"INCEPTION ROBOTICS, LLC",MD,1,Maryland
INCHFAB INC.,CA,1,California
INCUENTRO LLC,TX,1,Texas
"INDUSTRIAL ANALYTICS AND MODELING, INC.",TX,1,Texas
INERTIAL CORPORATION,IL,1,Illinois
"INFINIFLUIDICS, INC.",PA,1,Pennsylvania
"INFINION TECHNOLOGY, INC.",CA,1,California
INFINITE COOLING INC.,MA,1,Massachusetts
"INFORMUTA, INC.",LA,1,Louisiana
INFRASTRUCTURE ANALYTICS COMPANY,WY,1,Wyoming
"INFRATIE SOLUTIONS, LLC",OK,1,Oklahoma
INFUSENSE LLC,TN,2,Tennessee
"INHERENT BIOSCIENCES, INC.",UT,1,Utah
"INHERENT TARGETING, LLC",OR,1,Oregon
"INIA BIOSCIENCES, INC.",MA,1,Massachusetts
INITIUM AI INC.,MI,2,Michigan
"INNATRIX, INC.",NC,2,North Carolina
"INNAVASC MEDICAL, INC.",NC,1,North Carolina
"INNOGIZED TECHNOLOGIES, INC.",OH,1,Ohio
"INNOTECH PRECISION MEDICINE, INC",MA,1,Massachusetts
INNOTECH SYSTEMS LLC,CA,1,California
"INNOVISION, LLC",OH,1,Ohio
INNSIGHTFUL INC.,CA,1,California
"INOON, LLC",TX,1,Texas
"INQUIRING SYSTEMS, INC.",CA,1,California
"INSECTAPEL, LLC",SC,2,South Carolina
"INSIGNA, INC.",IL,2,Illinois
"INSILICA, LLC",MD,2,Maryland
INSILICOM LLC,FL,2,Florida
INSOMA BIO INC,NC,2,North Carolina
INSTITUTE FOR ADVANCING COMPUTING EDUCATION,IL,2,Illinois
"INSTITUTE FOR FUTURE INTELLIGENCE, INC.",MA,8,Massachusetts
INSTITUTE FOR NATIVE PACIFIC EDUCATION AND CULTURE,HI,2,Hawaii
"INSTITUTE FOR PROTEIN INNOVATION, INC.",MA,1,Massachusetts
INTACT THERAPEUTICS,CA,2,California
"INTEGRATED DYNAMICS, INC.",IL,1,Illinois
INTELLERCE LLC,CA,1,California
INTELLIGENT DOTS LLC,GA,1,Georgia
INTELLIGENT FINANCIAL MACHINES LLC,CA,1,California
INTELLIGENT MEDICINE INC,NY,1,New York
INTELLISAFE ANALYTICS LLC,WV,2,West Virginia
INTERLUNE CORPORATION,WA,1,Washington
"INTERMIX PERFORMANCE MATERIALS, INC.",NY,1,New York
"INTERNATIONAL ALLIANCE FOR PHYTOBIOMES RESEARCH, INC.",WI,3,Wisconsin
"INTERSPHERE, INC.",CO,2,Colorado
INTERTRIBAL AGRICULTURE COUNCIL INC,MT,1,Montana
"INTHEPENDANT, INC.",MA,1,Massachusetts
INTRINSYX BIO INC.,CA,1,California
"INTUITAP MEDICAL, INC.",IL,1,Illinois
"INVERSAI, INC.",GA,1,Georgia
"INVVAX, INC.",CA,2,California
"INZIO, INC.",FL,1,Florida
IONA UNIVERSITY,NY,7,New York
IONICSCALE LLC,GA,2,Georgia
IQ BIOTECH LLC,FL,1,Florida
IQInetics Technologies Inc.,PA,2,Pennsylvania
"IREPROGRAM, LLC",MI,1,Michigan
"IRIS LIGHT TECHNOLOGIES, INC.",IL,2,Illinois
IRONSIDES MEDICAL INC,MA,1,Massachusetts
IRRADIANT SENSING CORPORATION,CO,1,Colorado
"ISEECHANGE, Inc.",LA,2,Louisiana
"ISLEX THERAPEUTICS, LLC",MD,1,Maryland
"ITERATIVE METHODS, LLC",NC,2,North Carolina
ITOMOGRAPHY CORPORATION,TX,1,Texas
IVSONANCE BIOMEDICAL INC,NY,1,New York
"IVU BIOLOGICS, INC.",MA,1,Massachusetts
Icahn School of Medicine at Mount Sinai,NY,24,New York
"Ichien, Nicholas",CA,1,California
Idaho State University,ID,35,Idaho
"Iezzi, Alexandra Michelle",AK,1,Alaska
"Igwe, Alexandria",CA,1,California
Ilisagvik College,AK,1,Alaska
"Illava, Gabrielle",PA,1,Pennsylvania
Illinois Central College,IL,1,Illinois
Illinois College,IL,2,Illinois
Illinois Institute of Technology,IL,99,Illinois
Illinois Wesleyan University,IL,1,Illinois
"ImageCat, Inc.",CA,1,California
Imperial Valley College,CA,2,California
"Impleo Medical, Inc.",MN,1,Minnesota
"Inanovate, Inc.",SD,1,South Dakota
"Inclusive Engineering Consortium, Inc.",IL,2,Illinois
Independence Community College,KS,2,Kansas
"Independence Science, LLC",IN,1,Indiana
Indian Hills Community College,IA,2,Iowa
Indian River State College,FL,5,Florida
Indiana Institute of Technology,IN,3,Indiana
Indiana State University,IN,5,Indiana
Indiana University,IN,414,Indiana
Indiana University of Pennsylvania,PA,3,Pennsylvania
Indiana University of Pennsylvania Research Institute,PA,6,Pennsylvania
Indiana Wesleyan University,IN,5,Indiana
Indigenous Education Institute,WA,1,Washington
Indrio Technologies,CA,2,California
Infecho Scientific LLC,MO,1,Missouri
"InformAI, Inc.",TX,1,Texas
IngateyGen LLC,NC,1,North Carolina
"Ingles, Kevin C",OH,1,Ohio
InnovBot LLC,NY,1,New York
Innovasonic,CA,1,California
"Insel, Catherine",NY,1,New York
InsightFinder Inc.,NY,1,New York
Inso Biosciences Inc,NY,1,New York
Instapath Inc.,TX,1,Texas
Institute For Advanced Study,NJ,12,New Jersey
Institute for Global Environmental Strategies,VA,1,Virginia
Institute for Learning Innovation,OR,7,Oregon
Institute for Systems Biology,WA,8,Washington
Insurance Institute for Business & Home Safety,FL,1,Florida
Integrated Medical Sensors,CA,1,California
International Computer Science Institute,CA,20,California
International Society of Service Innovation Profes,CA,1,California
International Wheat Genome Sequencing Consortium,WI,1,Wisconsin
Internet Society,VA,5,Virginia
"Interphase Materials, Inc.",PA,1,Pennsylvania
Ionica Sciences,NY,1,New York
Iowa State University,IA,391,Iowa
Irradiant Technologies Inc.,MA,1,Massachusetts
"Isolere Bio, Inc",NC,1,North Carolina
"Itgen, Michael",IN,1,Indiana
Ithaca College,NY,7,New York
Ivy Tech Community College of Indiana,IN,4,Indiana
"Iyer, Sumun S",NY,1,New York
"J. Craig Venter Institute, Inc.",CA,7,California
JELIKALITE LLC,NY,2,New York
"JET-SET OFFSET, LLC",ME,1,Maine
"JOHNSON, O.S. TECHNICAL INSTITUTE",PA,1,Pennsylvania
JSTOR,NY,3,New York
JUGGERNAUT LIFE SCIENCES LLC,IA,1,Iowa
"JULIA JEAN, LLC",CA,1,California
"JULIAN C. MADISON BUILDING LLC, THE",MI,1,Michigan
"JUNIPERO THERAPEUTICS, INC.",NC,1,North Carolina
JUNO PROPULSION INC.,WA,1,Washington
JUNORA LTD,ME,1,Maine
"JUPITER THERAPEUTICS, INC.",CA,1,California
"JUST HEALTH CARE, LTD. CO.",NM,1,New Mexico
Jackson Community College,MI,2,Michigan
Jackson Laboratory,ME,4,Maine
Jackson State University,MS,46,Mississippi
"Jackson, India",GA,1,Georgia
"Jackson, Joseph S",TX,1,Texas
Jacksonville State University,AL,3,Alabama
Jacksonville University,FL,2,Florida
Jacobs Technology Inc.,TX,1,Texas
"Jadbabaie, Arian",CA,1,California
"Jain, Yajit",IL,1,Illinois
"Jalbert, Madeline Claire",WA,1,Washington
James A. Rhodes State College,OH,1,Ohio
James Madison University,VA,42,Virginia
"Janecka, Mary J",PA,1,Pennsylvania
"Jarecke, Karla M",OR,1,Oregon
Jarvis Christian College,TX,2,Texas
"Jasper, Micah Nathanael",SC,1,South Carolina
Jefferson College,MO,1,Missouri
"Jeffs, Robert Amzi",WA,1,Washington
"Jekel, David A",CA,1,California
"Jennings, Sarah L",CA,1,California
"Jeznach, Cole",MN,1,Minnesota
"Ji, Lena",MI,1,Michigan
"Jimenez Polo, Harold",CA,1,California
"Jimenez, Yordano Eleazar",MA,1,Massachusetts
Joan and Sanford I. Weill Medical College of Cornell University,NY,12,New York
John Carroll University,OH,4,Ohio
John Wesley Powell Center,VA,2,Virginia
Johns Hopkins University,MD,434,Maryland
Johnson & Wales University,RI,1,Rhode Island
Johnson C. Smith University,NC,6,North Carolina
Johnson County Community College,KS,4,Kansas
"Johnson, Aleisha",AZ,1,Arizona
"Johnson, Erynn",NY,1,New York
"Johnson, Jonathan C",TX,1,Texas
"Johnson, Milo",MA,1,Massachusetts
"Johnson, Natasha Cierra",MI,1,Michigan
"Johnson, Oscar",LA,1,Louisiana
"Johnson, Talon",TX,1,Texas
Johnston Community College,NC,3,North Carolina
Joliet Junior College,IL,2,Illinois
"Jolink, Tatum A",MI,1,Michigan
"Jolly, Amber R",CA,1,California
"Jones, Diamond T",OH,1,Ohio
"Jones, Edna Luo",NJ,1,New Jersey
"Jones, Leonard N",MI,1,Michigan
"Jordan, Ashley Eliza",CT,1,Connecticut
"Jovinelly, Eric Michael",IN,1,Indiana
"Juarez, Bryan H",IA,1,Iowa
Julia Computing Inc,MA,1,Massachusetts
"JuneBrain, Inc.",MD,1,Maryland
"Jung, Julie",MA,1,Massachusetts
Juniata College,PA,5,Pennsylvania
"Juno, James L",MD,1,Maryland
KAI TECH LLC,HI,1,Hawaii
"KALEIDO, INC.",NC,1,North Carolina
KANSAS CITY SCHOLARS INC,MO,1,Missouri
"KAPHA BIO, INC.",CA,1,California
"KARIOS TECHNOLOGIES, LLC",VA,1,Virginia
"KATABASIS, INC.",NC,1,North Carolina
"KAYA FERTILIZERS, LLC",NY,1,New York
KAZADI ENTERPRISES LTD.,IL,1,Illinois
KCORE ANALYTICS LLC,NY,1,New York
"KENAI DESIGN, LLC",CT,1,Connecticut
KHEMIA METALS INC,CA,1,California
KILELE HEALTH LLC,OH,2,Ohio
"KINETICA LABS, INC.",MI,1,Michigan
KINETICCORE SOLUTIONS LLC,CO,1,Colorado
KISMET TECHNOLOGIES Inc.,FL,2,Florida
"KNOX NETWORKS, INC.",CA,1,California
"KODA HEALTH, INC.",TX,1,Texas
"KODIKAZ THERAPEUTIC SOLUTIONS, INC.",NY,1,New York
KOVADX INC,CT,1,Connecticut
KOYA INC.,TX,1,Texas
KQED Inc,CA,1,California
KRNC INC.,CA,1,California
KROKOS BIO INC,CA,1,California
"Kaczmarek, Elska B",AZ,1,Arizona
"Kahane-Rapport, Shirel R",CA,1,California
Kalamazoo College,MI,4,Michigan
"Kalashnikov, Dmitri Alexander",WA,1,Washington
"Kalion, Inc.",MA,1,Massachusetts
"Kampanics, L.L.C.",NC,1,North Carolina
"Kannan, Siddarth Pavan",RI,1,Rhode Island
Kansas City Kansas Community College,KS,2,Kansas
Kansas State University,KS,140,Kansas
Kapalya Inc,CA,2,California
"Kapiamba, Alex Muteba",MI,1,Michigan
"Kaplan, Elliot",IL,1,Illinois
"Karin, Benjamin R",CA,1,California
Karkare                 Kirit          S,IL,1,Illinois
"Karp, Allison Tyler",CT,1,Connecticut
"Karthein, Jamie Michelle",TX,1,Texas
"Kasbohm, Jennifer Jean",NJ,1,New Jersey
"Katsevich, Annie",NY,1,New York
Katz Water Technologies,TX,1,Texas
"Katzenstein, Jessica",AZ,1,Arizona
Kean University,NJ,16,New Jersey
"Kean, Kiera Eloise",PA,1,Pennsylvania
"Kearly, Alyssa",NY,1,New York
Keck Graduate Institute,CA,1,California
"Keen, Rachel M",KS,1,Kansas
Keene State College,NH,1,New Hampshire
Kellogg Community College,MI,1,Michigan
"Kelly, Kevin Parsons",WA,1,Washington
"Kelly, Patrick",NC,1,North Carolina
"Kelly, Patrick Quinn",WI,1,Wisconsin
"Kemeny, Preston Cosslett",CA,1,California
"Kemp, Dewey Dominique",IN,1,Indiana
"Kenagy, Hannah S",CA,1,California
Kennebec Valley Community College,ME,1,Maine
Kennesaw State University Research and Service Foundation,GA,77,Georgia
"Kenseth, Christopher M",CA,1,California
Kent State University,OH,70,Ohio
Kentucky Community & Technical College System,KY,21,Kentucky
Kentucky Science & Technology Corporation,KY,4,Kentucky
Kentucky State University,KY,4,Kentucky
Kenyon College,OH,12,Ohio
"Kenyon, Brittany",NC,1,North Carolina
Kepler Diagnostics Inc.,CA,1,California
Kepley Biosystems Incorporated,NC,2,North Carolina
"Kessler, Daniel Allan",MI,1,Michigan
"Ketchum, Remi N",NC,1,North Carolina
Kettering University,MI,7,Michigan
Keweenaw Bay Ojibwa Community College,MI,3,Michigan
Keystone Initiative for Network Based Education and Research,PA,1,Pennsylvania
Keystone Symposia on Molecular and Cellular Biology,CO,1,Colorado
"Khalil, Sarah",LA,1,Louisiana
"Khuu, Thien Tung",CT,1,Connecticut
Kilgore College,TX,1,Texas
"Kilgore, Eric Hubbard",CA,1,California
"Kim, Colin Y",MA,1,Massachusetts
"Kim, Jisoo",AZ,1,Arizona
"Kim, Minjae",MD,1,Maryland
"Kim, Yujin H",NY,1,New York
King's College,PA,2,Pennsylvania
"King, Darren Andrew",TX,1,Texas
"Kinosian, Sylvia",UT,1,Utah
"Kintsugi Mindful Wellness, Inc.",CA,2,California
"Kircher, Bonnie Katherine",TX,1,Texas
"Kirkpatrick, Heather Margaret",CA,1,California
"Kivimae, Pax Chanler",IL,1,Illinois
Klamath Community College,OR,2,Oregon
"Klompen, Anna ML",KS,1,Kansas
"Klug, Michael R",CA,1,California
"Knight, Hannah",CA,1,California
"Knights, Deon H",OH,1,Ohio
"Knisley, Matthew",IL,1,Illinois
Knology Ltd.,CT,3,Connecticut
Knox College,IL,1,Illinois
Koliber Biosciences Inc.,CA,2,California
"Kollar, Leslie M",FL,1,Florida
"Kolp, Matthew Robert",KS,1,Kansas
Kompass Diagnostics Inc,IL,1,Illinois
"Kopania, Emily Emiko Konishi",UT,1,Utah
"Kopec, Abigail M",IN,1,Indiana
"Kosie, Jessica Elizabeth",NJ,1,New Jersey
"Kosterlitz, Olivia",WA,1,Washington
"Kraft, Maggi A",ID,1,Idaho
"Kramer, Gunnar R",OH,1,Ohio
"Kramer, Marianne C",MO,1,Missouri
"Kravitz, Noah",NJ,1,New Jersey
Krell Institute,IA,2,Iowa
"Kremer, Kyle",IL,1,Illinois
"Krishna, Siddhi",GA,1,Georgia
"Krishnarao, Dhaneshvaran",WI,1,Wisconsin
"Krueger, Robert A",IL,1,Illinois
"Kuan, Jeffrey",CA,1,California
"Kuchynka, Sophie",NJ,1,New Jersey
"Kuhn, McKenzie Ann",CA,1,California
"Kulik, Zoe",WA,1,Washington
"Kumar, Bhanu",GA,1,Georgia
"Kuperberg, Vivian Zieve",CA,1,California
"Kutlu, Ethan",FL,1,Florida
Kutztown University,PA,8,Pennsylvania
"Kuzbary, Miriam",TX,1,Texas
"Kwang, Jeffrey S",MA,1,Massachusetts
"L-Infinity Labs, Inc.",MA,1,Massachusetts
L5 AUTOMATION INC.,CA,1,California
"LA LUCE CRISTALLINA, INC.",TX,2,Texas
LAB2701 LLC,OK,1,Oklahoma
LABBY INC.,MA,2,Massachusetts
LABFORINVENTION CORP,CA,1,California
"LABRADOR SYSTEMS, INC.",CA,1,California
LADON ROBOTICS LLC,WA,1,Washington
LAKRIL TECHNOLOGIES CORPORATION,IL,1,Illinois
LAMAR INSTITUTE OF TECHNOLOGY,TX,1,Texas
"LAMBDA FUNCTION, INC.",CA,2,California
"LANDSDOWNE LABS, LLC",CT,2,Connecticut
LASARRUS CLINIC AND RESEARCH CENTER,MD,1,Maryland
LASER GRAPHICTRONICS LLC,MO,1,Missouri
LATERAL.SYSTEMS LLC,OR,1,Oregon
LAVO LIFE SCIENCES INC,GA,2,Georgia
LAWRENCE UNIVERSITY OF WISCONSIN,WI,3,Wisconsin
"LDS TECHNOLOGY CONSULTANTS, INC.",TX,1,Texas
LEAF GLOBAL FINTECH CORPORATION,CO,2,Colorado
LEAFICIENT INC,PA,1,Pennsylvania
LEAP PHOTONICS INC.,WA,1,Washington
LEAP PHOTOVOLTAICS INC.,CA,1,California
LEARN COLLABORATE INC.,CA,2,California
LEARN2EARN CORPORATION,CA,1,California
LEARN: Lonestar Education and Research Network,TX,1,Texas
"LEARNICS, LLC",PA,1,Pennsylvania
"LEARNING NETWORK, LLC, THE",TX,2,Texas
"LEARNINGCLUES, LLC",MI,1,Michigan
LEGOV SYSTEMS GROUP LLC,ID,1,Idaho
LELANTOS INC.,NY,2,New York
LENSGUIDE IMAGING TECHNOLOGY INC,MD,1,Maryland
LEONINE TECHNOLOGIES INC.,MN,1,Minnesota
LEVATE LLC,OK,1,Oklahoma
LEVIOSA TECHNOLOGIES LLC,MN,1,Minnesota
"LEXEL SYNERGETICS, INC.",OR,2,Oregon
LF PRINTECH LLC,MO,1,Missouri
"LGL ECOLOGICAL RESEARCH ASSOCIATES, INC",TX,1,Texas
LIATRIS INC.,MD,2,Maryland
LIEBOLD TECHNOLOGIES LLC,FL,1,Florida
"LIFE SEAL VASCULAR, INC.",CA,1,California
"LIFELAB STUDIOS, INC.",AZ,2,Arizona
LIFENGINE ANIMAL HEALTH LABORATORIES INCORPORATED,MN,2,Minnesota
"LIFESPAN DIGITAL HEALTH, LLC",AZ,1,Arizona
"LIGERO, INC.",NY,1,New York
"LIGHT AND CHARGE SOLUTIONS, LLC",NC,2,North Carolina
LIGHT RESEARCH INC,AZ,1,Arizona
LIGHTWORKS METROLOGY LLC,UT,1,Utah
"LILU, INC.",NY,2,New York
LIMAR AI INC,CA,1,California
"LIMAX BIOSCIENCES, INC.",MA,1,Massachusetts
LIMELIGHT STEEL INC.,CA,1,California
LIMINAL ESPORTS LLC,OH,1,Ohio
"LIMITLESS VISTAS, INC",LA,1,Louisiana
"LINEBIRD, INC.",VA,1,Virginia
LINFIELD UNIVERSITY,OR,2,Oregon
"LIRA, INC.",NC,1,North Carolina
LISA HEALTH INC.,CA,1,California
"LITERASEED, INC.",PA,2,Pennsylvania
"LITTLE ROOM INNOVATIONS, LLC",MI,1,Michigan
LIV LABS INC.,GA,1,Georgia
LIV Medical Technology Inc.,MD,1,Maryland
LIVEDX INC.,CO,1,Colorado
LLC BG BIOLOGICS,OH,1,Ohio
"LOGISIC DEVICES, INC.",CA,1,California
LOGISTICS MANAGEMENT INSTITUTE,VA,1,Virginia
LONG ISLAND CHILDREN'S MUSEUM,NY,1,New York
LONG ROAD ENTERPRISES,NY,1,New York
"LOOMIA TECHNOLOGIES, INC.",NY,1,New York
"LOOSE IN THE LAB, INC",UT,1,Utah
LR INNOVOPTICS INC,AZ,1,Arizona
LSU Health Sciences Center -Shreveport,LA,2,Louisiana
"LUCA AI, LLC",PA,1,Pennsylvania
LUCATA CORPORATION,NY,1,New York
"LUCENDI, INC.",CA,1,California
LUCIDA RESEARCH LLC,CA,1,California
"LUDLUM MEASUREMENTS, INC.",CO,1,Colorado
LUMENASTRA,CO,2,Colorado
LUMINA INSTRUMENTS INC.,CA,2,California
LUMINOVA BIOTECH LLC,NY,1,New York
LUMO IMAGING LLC,MD,2,Maryland
LUMONIQ INC,TX,1,Texas
"LUMOSTECH, INC.",CA,1,California
"LUNAR RESOURCES, INC.",TX,2,Texas
"LUNEXUS SPACE, LLC",CO,1,Colorado
"LUTRIS, INC.",CA,2,California
LUX SEMICONDUCTORS INC,NY,1,New York
LYBRA BIO INC.,MA,1,Massachusetts
"LYDIAN LABS, INC.",MA,1,Massachusetts
"LYOWAVE, INC",IN,1,Indiana
La Salle University,PA,2,Pennsylvania
La Sierra University,CA,1,California
Lac Courte Oreilles Ojibwa Community College,WI,2,Wisconsin
Lafayette College,PA,24,Pennsylvania
Lake Area Technical College,SD,1,South Dakota
Lake Forest College,IL,3,Illinois
Lake Land College,IL,1,Illinois
Lake Pontchartrain Basin Foundation,LA,1,Louisiana
Lake Superior State University,MI,2,Michigan
Lake Washington Institute of Technology,WA,1,Washington
Lake-Sumter State College,FL,1,Florida
"Laker, Rachel",IL,1,Illinois
Lakeshore Technical College,WI,3,Wisconsin
"Lam, Wai Ting",NY,1,New York
"Lama, Tanya",MA,1,Massachusetts
Lamar University,TX,9,Texas
"Lamarche, Alicia Mae",SC,1,South Carolina
Lambert                 Valere         R,CA,1,California
"Lamman, Claire",MA,1,Massachusetts
"Lampert, Amichai",NJ,1,New Jersey
"Lamperty, Justine Therese",WA,1,Washington
"Landesman, Aaron",CA,1,California
Landmark College,VT,2,Vermont
"Landry, Michael",CT,1,Connecticut
Lane College,TN,2,Tennessee
"Lane, Brett",MN,1,Minnesota
"Lane, Samuel Joseph",VA,1,Virginia
"Lang, Ashley K",NH,1,New Hampshire
LangInnov,NY,1,New York
"Langdon, Quinn K",CA,1,California
Langston University,OK,2,Oklahoma
"Lanier, Justin Dale",GA,1,Georgia
"Lapovations, LLC",AR,1,Arkansas
"Lapsansky, Anthony B",MT,1,Montana
Laramie County Community College,WY,1,Wyoming
Laredo Community College,TX,1,Texas
"Large, Christopher Ryan Livingston",PA,1,Pennsylvania
"Larsen, Tyler J",MO,1,Missouri
"Larson, Drew A",MI,1,Michigan
Las Cumbres Observatory Global Telescope Network,CA,7,California
"Laubach, Zachary",CO,1,Colorado
"Laudone, Robert P",WI,1,Wisconsin
"Laugier, Elise Jakoby",NH,1,New Hampshire
"Lauterbur, Mary Elise",AZ,1,Arizona
Law and Society Association,MA,1,Massachusetts
"Law, Michael",MI,1,Michigan
Lawrence                Erica          H,PA,1,Pennsylvania
Lawrence Technological University,MI,20,Michigan
Lawson State Community College,AL,2,Alabama
"Lazzarini, Margaret",WA,1,Washington
Le Moyne-Owen College,TN,2,Tennessee
"LeFevre, Heath Joseph",MI,1,Michigan
"Leading Edge Crystal Technologies, Inc.",MA,1,Massachusetts
Lebanon Valley College,PA,4,Pennsylvania
Lee College,TX,1,Texas
"Lee, Benjamin R",MI,1,Michigan
"Lee, Elizabeth Erin Lailei",IL,1,Illinois
"Lee, Laura R",NY,1,New York
"Lee, Nicole",MA,1,Massachusetts
"Lee, UnJin",NY,1,New York
"Lee, Yoonjeong",CA,1,California
"Legan, Andrew Wesley",NY,1,New York
Lehigh Carbon Community College,PA,1,Pennsylvania
Lehigh University,PA,165,Pennsylvania
"Leith, Noah T",MO,1,Missouri
"Lemma, Bezia",NJ,1,New Jersey
"Leng, James",CA,1,California
Lenoir-Rhyne College,NC,1,North Carolina
"Leon Guerrero, Sibylla",CA,1,California
"Leong, Bryan J",MI,1,Michigan
Lepidext LLC,KY,1,Kentucky
"Leuschen-Kohl, Rebecca Lynn",IN,1,Indiana
"Levis, Nicholas A",IN,1,Indiana
Levisonics Inc.,LA,1,Louisiana
"Levy, Drew",NV,1,Nevada
"Levy, Rebecca",MD,1,Maryland
Lewis University,IL,3,Illinois
Lewis and Clark College,OR,13,Oregon
Lewis and Clark Community College,IL,3,Illinois
"Lewis, Briley Lynn",CA,1,California
"Lewis, Jordan A",GA,1,Georgia
"Lewis, Madeline J",IN,1,Indiana
"Lewis, Margaret",MD,1,Maryland
"Lewis, Monica A",MI,1,Michigan
"Li Industries, Inc",NC,1,North Carolina
"Li, Ray",CA,1,California
"Li, Zheng",TX,1,Texas
"Li-Huerta, Siyan",MA,1,Massachusetts
"LiBAMA, LLC",TN,1,Tennessee
"Lian, Carl",NY,1,New York
"Liao, Irene",CA,1,California
"Liberty University, Inc.",VA,4,Virginia
"Lichko, Emily R",WI,1,Wisconsin
"Lichter Marck, Isaac H",CA,1,California
"Lichtman, Jared Duker",MD,1,Maryland
"Limeberry, Veronica",VA,1,Virginia
Limestone College,SC,1,South Carolina
"Lin, Jonathan",MA,1,Massachusetts
Lincoln Park Zoo,IL,1,Illinois
Lincoln University,MO,7,Missouri
Lincoln University,PA,6,Pennsylvania
"Lindsay, Penelope L",NY,1,New York
Lindsey Wilson College,KY,2,Kentucky
"Link, Kathryn Grace",CA,1,California
Linn Benton Community College,OR,1,Oregon
"Linn, Samantha",UT,1,Utah
"Linscott, Thomas Mason",ID,1,Idaho
"Lipton, Max",NY,1,New York
"Liquin, Emily G",NY,1,New York
Little Priest Tribal College,NE,4,Nebraska
"Little, Mark Jeffrey",CA,1,California
Living Tongues Institute for Endangered Languages,OR,1,Oregon
Livingstone College,NC,2,North Carolina
"Logan, Kimberly Ann Klinger",MN,1,Minnesota
Loggerhead Instruments,FL,3,Florida
"Lombardi, Elizabeth",NY,1,New York
Long Beach City College,CA,1,California
Long Island University,NY,16,New York
Longwood University,VA,7,Virginia
"Looking Glass Ventures, LLC",TX,3,Texas
"Lopatto, Patrick",RI,1,Rhode Island
"Lopez, Jonathan Williams",AL,1,Alabama
"Lopez, Marco Antonio",AZ,1,Arizona
"Lopez, Ronald A",CA,1,California
"Lopez-Morales, Gabriel Ivan",NY,1,New York
Lorain County Community College,OH,5,Ohio
Los Angeles City College,CA,1,California
Los Angeles County Museum of Natural History Foundation,CA,14,California
Los Angeles Harbor College,CA,1,California
Los Angeles Mission College,CA,2,California
Los Angeles Pierce College,CA,4,California
Los Angeles Valley College,CA,3,California
Loughney                Katharine      M,MI,1,Michigan
Louisiana Board of Regents,LA,7,Louisiana
Louisiana State University,LA,311,Louisiana
Louisiana State University Agricultural Center,LA,6,Louisiana
Louisiana State University Health Sciences Center,LA,6,Louisiana
Louisiana State University at Alexandria,LA,2,Louisiana
Louisiana State University at Eunice,LA,1,Louisiana
Louisiana Tech University,LA,35,Louisiana
Louisiana Universities Marine Consortium,LA,6,Louisiana
"Love, Ashley",OK,1,Oklahoma
"Love, Cara N",NC,1,North Carolina
Lovelace Institutes,NM,1,New Mexico
"Lowe, Ben",NJ,1,New Jersey
Lowell Observatory,AZ,10,Arizona
"Loyd, Kaitlyn F",IL,1,Illinois
Loyola Marymount University,CA,8,California
"Loyola University Maryland, Inc.",MD,8,Maryland
Loyola University of Chicago,IL,47,Illinois
"Loyola University of Chicago, Health Sciences Campus",IL,4,Illinois
"Lu, Jennifer",IL,1,Illinois
"Lucas, Kelsey Noelle",MA,1,Massachusetts
"Lucey, Madeline",TX,1,Texas
"Lumedica, Inc",NC,1,North Carolina
"Lundberg, Ian Daniel",NJ,1,New Jersey
"Lundy, Taylor A",NC,1,North Carolina
"Luo, Sammy Y",CA,1,California
"Lurtz, Matthew R",MO,1,Missouri
"Lusk, Alexander Dmitri",WI,1,Wisconsin
Luther College,IA,2,Iowa
"Lutz, Patrick G",CA,1,California
LuxNour Technologies Inc,OR,2,Oregon
"Lyberger, Kelsey",CA,1,California
Lycoming College,PA,3,Pennsylvania
Lygos Inc.,CA,1,California
"Lyman, Rylee A",MA,1,Massachusetts
"Lynn, Jason S",NY,1,New York
"Lyons, Ana M",CA,1,California
"M3D, INC.",MI,1,Michigan
"M3SIM, LLC",IN,2,Indiana
MACAULAY HONORS COLLEGE FOUNDATION,NY,1,New York
"MACROCOSM, INC.",NY,1,New York
MACROCYCLE TECHNOLOGIES,MA,1,Massachusetts
MACULA VISION SYSTEMS INC.,AZ,1,Arizona
"MADISON SCIENTIFIC, INC.",WI,2,Wisconsin
MAGNIFY BIOSCIENCES INC.,PA,1,Pennsylvania
MAGNOLIA ELECTRONICS INC,DE,1,Delaware
MAGSORBEO BIOMEDICAL CORP,MI,1,Michigan
MAIA ANALYTICA LLC,OR,1,Oregon
MAIJKER CORP.,IN,2,Indiana
MAIN ENGINEERING LLC,MD,1,Maryland
MAINE DEVELOPMENT FOUNDATION,ME,1,Maine
"MAKEFULLY, LLC",MO,1,Missouri
MALCOVA INC,CA,1,California
MALCOVA LLC,MD,1,Maryland
"MAMMAE BIOSCIENCES, INC.",DE,1,Delaware
"MANA BATTERY, INC.",CO,1,Colorado
"MANHATTAN BIOSOLUTIONS, LLC",NJ,1,New Jersey
"MANTEL CAPTURE, INC.",MA,1,Massachusetts
MANUS ROBOTICS INC.,MA,2,Massachusetts
"MANZANITA COOPERATIVE, INC.",CA,1,California
MAP OS LLC,WA,1,Washington
"MAPLESS AI, INC.",PA,2,Pennsylvania
"MARANI HEALTH, INC.",MN,1,Minnesota
"MARCONI SOCIETY, INC.",IL,1,Illinois
"MAREL POWER SOLUTIONS, INC.",MI,1,Michigan
"MARK O'NEILL, LLC",TX,1,Texas
MARLEY ENVIRONMENTAL INC,CT,1,Connecticut
MARWELL BIO INC.,CA,1,California
"MATERIALIZE BIO, INC.",MA,1,Massachusetts
"MATHINVESTMENTS, INC.",AL,1,Alabama
"MATMERIZE, INC.",GA,1,Georgia
MATTIQ INC,IL,2,Illinois
"MAUI IMAGING, INC.",AZ,1,Arizona
"MAVERICK SPACE SYSTEMS, INC.",CA,1,California
MAXWAVE LLC,WI,2,Wisconsin
MAXWELL COGNITIVE INC.,NY,1,New York
"MAY & MEADOW, INC.",CA,1,California
MAYFAIR GROUP LLC,VA,1,Virginia
"MBF THERAPEUTICS, INC.",PA,1,Pennsylvania
MCKEON MINING LLC,GA,1,Georgia
MEALMATE INC.,CA,1,California
MECHANO THERAPEUTICS LLC,PA,1,Pennsylvania
MECHASIM INC.,MA,1,Massachusetts
"MED DIMENSIONS, LLC",NY,1,New York
"MEDAPPTIC, LLC",MD,1,Maryland
"MEDFREE, INC.",CA,1,California
"MEDICARBONE, INC.",AZ,1,Arizona
"MEDMICROMAPS, LLC",MT,1,Montana
"MELLICELL, INC.",MA,1,Massachusetts
"MEMBRANEX, LLC",CT,2,Connecticut
"MENTE, INC.",CO,2,Colorado
MERCY UNIVERSITY,NY,2,New York
MERIT STRATEGY LLC,CO,1,Colorado
MESODYNE INC.,MA,1,Massachusetts
MESPILUS INC.,MA,2,Massachusetts
METABOB INC,CA,1,California
"METACULUS, INC.",NM,2,New Mexico
METADATA GAME CHANGERS LLC,CO,2,Colorado
"METALMARK INNOVATIONS, PBC",MA,1,Massachusetts
"METEORA3D, INCORPORATED",OH,1,Ohio
METFORA LLC,AZ,1,Arizona
METROPOLITAN COMMUNITY COLLEGE,NE,1,Nebraska
"MFB FERTILITY, INC.",CO,1,Colorado
MFM LLC,UT,2,Utah
"MFNS TECH, INC.",IL,2,Illinois
MGH Institute of Health Professions,MA,5,Massachusetts
MIC MONITOR LLC,OH,1,Ohio
MICHIGAN STATE UNIVERSITY FOUNDATION,MI,1,Michigan
"MICRO-GRX, INCORPORATED",FL,1,Florida
MICROPURE GENOMICS INC.,DE,2,Delaware
MIDWEST ELECTRIC PROPULSION COMPANY (MEPCO),WI,1,Wisconsin
MILITARY SEALIFT COMMAND,VA,1,Virginia
"MILLIMETER WAVE SYSTEMS, LLC",MA,1,Massachusetts
MIMIC SYSTEMS INC,NY,1,New York
"MINDPRINT LEARNING, LLC",NJ,2,New Jersey
"MINDTRACE TECHNOLOGIES, INC.",PA,2,Pennsylvania
MINERALOGIC LLC,MN,2,Minnesota
MINERVA LITHIUM LLC,NC,1,North Carolina
MINNESOTA STATE COLLEGES AND UNIVERSITIES,MN,1,Minnesota
MINNOWTECH LLC,MD,1,Maryland
"MINTANGIBLE, INC.",VA,1,Virginia
MINUTRI INC.,CA,1,California
MISSISSIPPI STATE UNIVERSITY ASSURE RESEARCH & DEVELOPMENT CORPO,MS,1,Mississippi
MITHRILAI CORP.,NC,1,North Carolina
"MITO-BIOTHERAPEUTICS, INC.",AL,1,Alabama
"MIXTA RE, INC",CT,1,Connecticut
MIZAR IMAGING LLC,NC,1,North Carolina
MNT SMARTSOLUTIONS LLC,NM,1,New Mexico
MOBIUS PBC,TN,1,Tennessee
MODENDO INC.,CO,2,Colorado
"MODULAR MATTER, INC.",MD,1,Maryland
"MOIRES INSTRUMENTS, LLC",NC,1,North Carolina
MOKA BLOX LLC,NC,1,North Carolina
"MOLECULAR INTERFACES, LLC",IL,1,Illinois
MOLECULAR SURFACE TECHNOLOGIES LLC,NJ,1,New Jersey
MOLLOY UNIVERSITY,NY,7,New York
MOLTEN INDUSTRIES INC.,CA,1,California
MOLTEN MATERIALS LLC,CA,1,California
"MOLTEN SALT SOLUTIONS, LLC",NM,2,New Mexico
MONGO APP INC.,LA,1,Louisiana
MONOGRAM ORTHOPAEDICS INC.,TX,1,Texas
"MONSTR SENSE TECHNOLOGIES, LLC",MI,2,Michigan
MONTCALM COMMUNITY COLLEGE,MI,1,Michigan
MOONLIGHTER FABLAB INC,FL,1,Florida
MORNINGBIRD MEDIA CORPORATION,TX,1,Texas
MORNINGSIDE UNIVERSITY,IA,5,Iowa
MORPHOBOTICS LLC,RI,1,Rhode Island
MORPHOSIS INC,CA,1,California
MOSAIC MICROSYSTEMS LLC,NY,1,New York
"MOTION GRAZER AI, INC.",MI,1,Michigan
"MOTMOT, INC.",MI,1,Michigan
MSTATT LLC,OH,2,Ohio
MUJIELECTRIC LLC,WA,1,Washington
MULTIPLIER,CA,1,California
MULTISCALE INTEGRATED TECHNOLOGY SOLUTIONS LLC,IN,1,Indiana
MULTITARGA LLC,CT,1,Connecticut
MUON VISION INC.,MA,2,Massachusetts
MUSEUM ASSOCIATES,CA,1,California
MUTLU                   BURCIN,AZ,1,Arizona
MUUKLABS INC.,NC,2,North Carolina
"MVM INDUSTRIAL, INC.",MA,1,Massachusetts
"MVMNT-X, INC.",CA,1,California
MYANIML,KS,1,Kansas
"MYCOLOGICS, LLC",MD,1,Maryland
MYCONAUT LLC,MI,1,Michigan
MYRIAS OPTICS INC,MA,1,Massachusetts
"MYTIDE THERAPEUTICS, INC.",MA,1,Massachusetts
MYVILLAGE PROJECT INC,FL,1,Florida
"Ma, Xinchun",IL,1,Illinois
"Maayan, Inbar",MA,1,Massachusetts
"MacDonald, Hannelore A",PA,1,Pennsylvania
"MacGuigan, Daniel J",CT,1,Connecticut
Macalester College,MN,16,Minnesota
"Macarewich, Sophia Isabel",MI,1,Michigan
"Macias, Diana Stephanie",NM,1,New Mexico
"Mackaman-Lofland, Chelsea",TX,1,Texas
Macomb Community College,MI,1,Michigan
"Madinya, Jason J",DE,1,Delaware
Madison Area Technical College,WI,8,Wisconsin
"Madison, Imani Adia",NC,1,North Carolina
"Madsen, Anastasia",NE,1,Nebraska
"Magee, Lukas",IN,1,Indiana
"Magill, Nicole",NY,1,New York
"Maher, Zachary K",MD,1,Maryland
"Mahmood, Zuhaib Sheikh",MI,1,Michigan
"Mahood, Elizabeth Hesterlene",MO,1,Missouri
Maine Mathematics and Science Alliance,ME,9,Maine
Maine Shellfish Developers LLC,ME,1,Maine
"Maksimoski, Alyse",WI,1,Wisconsin
"Maldague, Dominique Francoise",MA,1,Massachusetts
"Manafzadeh, Armita Razieh",RI,1,Rhode Island
"Mandelshtam, Yelena",CA,1,California
"Manea, Catherine",TX,1,Texas
Manhattan College,NY,7,New York
Manhattanville College,NY,1,New York
"Manlick, Philip J",WI,1,Wisconsin
"Mann, Michael Everett",NY,1,New York
"Marante Valdes, Carlos Antonio",FL,1,Florida
Marian University,IN,3,Indiana
Maricopa County Community College District,AZ,16,Arizona
Marine Biological Laboratory,MA,35,Massachusetts
Marine Environmental Sciences Consortium,AL,8,Alabama
Marion Technical College,OH,6,Ohio
Marist College,NY,2,New York
Mark Miles Consulting Inc.,CA,2,California
"Marquand, Lisa",NY,1,New York
Marquette University,WI,62,Wisconsin
"Marquez, Alan",CA,1,California
"Marshall Reber, James",OH,1,Ohio
Marshall University Research Corporation,WV,26,West Virginia
"Marshall, Julia",MA,1,Massachusetts
"Martin, Bruce Stagg",MI,1,Michigan
"Martin, Gage",MA,1,Massachusetts
"Martin, Galen",IN,1,Indiana
"Martin, Robert Thompson",NJ,1,New Jersey
"Martin, Tvisha",OH,1,Ohio
"Martin, Zane Karas",NY,1,New York
"Martinez Grundman, Jaime Enrique",MA,1,Massachusetts
"Martinez, Raquel Angelina",CA,1,California
"Martisius, Naomi",CA,1,California
"Martínez-Gómez, Jesús",NY,1,New York
"Maruyama, Shumpei",OR,1,Oregon
"Marx-Kuo, Jared",CA,1,California
Marymount University,VA,6,Virginia
Maryville College,TN,1,Tennessee
Marywood University,PA,1,Pennsylvania
"Massa, Megan G",CA,1,California
Massachusetts Bay Community College,MA,2,Massachusetts
Massachusetts Eye and Ear Infirmary,MA,1,Massachusetts
Massachusetts General Hospital,MA,9,Massachusetts
Massachusetts Institute of Technology,MA,659,Massachusetts
"Massey, Aimee",OR,1,Oregon
"Masten Space Systems, Inc.",CA,1,California
"Match, Aaron L",NJ,1,New Jersey
Materials Research Society,PA,26,Pennsylvania
Mathematical Sciences Research Institute,CA,7,California
"Mathematical Staircase, Inc.",MA,1,Massachusetts
"Matilsky, Loren",CO,1,Colorado
"Matty, Molly A",CA,1,California
"Matzke, Ryan W",MN,1,Minnesota
Max Powers,NY,1,New York
"Max-IR Labs, LLC",TX,1,Texas
Mayo Clinic Rochester,MN,9,Minnesota
Mayville State University,ND,1,North Dakota
Mazdak International Inc.,WA,1,Washington
"McCool, Weston",CA,1,California
"McCoy, Dakota E",MA,1,Massachusetts
"McCoy, Richard T",MD,1,Maryland
"McCray, Tara",WA,1,Washington
"McCullough, Jenna Merle",NM,1,New Mexico
McDaniel College,MD,1,Maryland
McDonald                Caitlin        A,NY,1,New York
"McGinnis, Daniel A",IA,1,Iowa
"McGuire, Rosa M",CA,1,California
"McInally, Shane G",MA,1,Massachusetts
"McKay, Tasseli",NC,1,North Carolina
"McKean, Stephen",NC,1,North Carolina
McKendree University,IL,1,Illinois
"McKenzie, Marion",VA,1,Virginia
"McKenzie, Theo R",CA,1,California
McLean Hospital,MA,3,Massachusetts
"McMillan, Hannah Mary",NC,1,North Carolina
"McMillon, Emily",TX,1,Texas
McMurry University,TX,2,Texas
"McQueen, Eden Wellesley",PA,1,Pennsylvania
"McShea, Hanon",CA,1,California
McSwiggen               Colin          S,MA,1,Massachusetts
"Mead, Alayna",CA,1,California
Mechanismic Inc.,NY,1,New York
MedChem Partners LLC,MA,1,Massachusetts
"Medecipher, Inc.",CO,1,Colorado
Medical College of Wisconsin,WI,7,Wisconsin
Medical University of South Carolina,SC,1,South Carolina
"Medina-Báez, Osmary A",OH,1,Ohio
Meedan Labs,CA,1,California
Meharry Medical College,TN,14,Tennessee
"Mehlferber, Elijah C",GA,1,Georgia
"Melguy, Yevgeniy",CA,1,California
"Membrion, Inc.",WA,1,Washington
"Menceloglu, Melisa",RI,1,Rhode Island
"Mendiola, Sandra Y",GA,1,Georgia
"Mendoza, Manuel Matthew",CA,1,California
"Mendoza, Skyler Dakota",CA,1,California
Menlo College,CA,3,California
"Mercado, Francisco J",CA,1,California
Merced College,CA,1,California
Mercer County Community College,NJ,1,New Jersey
Mercer University,GA,8,Georgia
Mercyhurst University,PA,1,Pennsylvania
"Merit Network, Inc.",MI,1,Michigan
Merrimack College,MA,3,Massachusetts
Merritt College,CA,1,California
"Merritt, Rachael L",CO,1,Colorado
Messiah College,PA,1,Pennsylvania
Metal Oxide Technologies Inc.,TX,1,Texas
Metropolitan College of New York,NY,1,New York
Metropolitan Community College Administrative Center,MO,2,Missouri
Metropolitan State University,MN,1,Minnesota
Metropolitan State University of Denver,CO,8,Colorado
"Meyer, Chandler Marie",WI,1,Wisconsin
"Meyer, Mark",KS,1,Kansas
Miami Dade College,FL,12,Florida
Miami University,OH,56,Ohio
"Michail, Joseph M",IL,1,Illinois
Michigan State University,MI,588,Michigan
Michigan Technological University,MI,128,Michigan
"Micon, Jonathan J",GA,1,Georgia
Microgrid Labs Inc.,NC,1,North Carolina
Middle Georgia State University,GA,1,Georgia
Middle Tennessee State University,TN,38,Tennessee
Middlebury College,VT,24,Vermont
Middlesex Community College,MA,1,Massachusetts
Midwestern State University,TX,1,Texas
Midwestern University,AZ,4,Arizona
Midwestern University,IL,2,Illinois
Miftek Corporation,IN,1,Indiana
Miga Motor Company,OR,1,Oregon
Miles College,AL,2,Alabama
"Miller, Chelsea N",TN,1,Tennessee
"Miller, Maggie",NJ,1,New Jersey
Millersville University,PA,6,Pennsylvania
"Milligan, Patrick Devin",FL,1,Florida
Millikin University,IL,1,Illinois
Millsaps College,MS,1,Mississippi
Milwaukee 7 Water Council,WI,1,Wisconsin
Milwaukee Area Technical College,WI,1,Wisconsin
Milwaukee Public Museum,WI,1,Wisconsin
Milwaukee School of Engineering,WI,4,Wisconsin
"Min, Ya",CT,1,Connecticut
"Minahan, Daniel Sulla",GA,1,Georgia
Minerals Metals & Materials Society,PA,3,Pennsylvania
"Minich, Jeremiah",CA,1,California
Minneapolis Community and Technical College,MN,2,Minnesota
Minnesota Public Radio,MN,1,Minnesota
Minnesota Riverland Technical College (Austin Campus),MN,1,Minnesota
Minnesota State College - Southeast Technical,MN,1,Minnesota
Minnesota State Colleges & Universities,MN,1,Minnesota
Minnesota State Community & Techncial College,MN,1,Minnesota
Minnesota State University Moorhead,MN,2,Minnesota
"Minnesota State University, Mankato",MN,9,Minnesota
Minot State University,ND,1,North Dakota
MiraCosta College,CA,4,California
Mississippi Gulf Coast Community College,MS,4,Mississippi
Mississippi State University,MS,159,Mississippi
Mississippi University For Women,MS,1,Mississippi
Mississippi Valley State University,MS,3,Mississippi
Missouri Botanical Garden,MO,8,Missouri
Missouri State University,MO,14,Missouri
Missouri University of Science and Technology,MO,124,Missouri
Missouri Western State University,MO,2,Missouri
Mitchell Hamline School of Law,MN,1,Minnesota
Mitre Corporation Virginia,VA,5,Virginia
"Mittan, Cinnamon S",NY,1,New York
"Miyagi, Miriam",MA,1,Massachusetts
"Mobley, Robert",LA,1,Louisiana
Modesto Junior College,CA,1,California
"Modular Science, Inc.",CA,1,California
"Moffitt, Ursula E",IL,1,Illinois
"Molitor, Zachary",MA,1,Massachusetts
"Monge, Richard",NY,1,New York
Monmouth College,IL,1,Illinois
Monmouth University,NJ,3,New Jersey
Monroe Community College,NY,4,New York
"Monroy, Brigette Yau",CA,1,California
Montana State University,MT,173,Montana
Montana State University - Billings,MT,2,Montana
Montana Technological University,MT,13,Montana
Montclair State University,NJ,55,New Jersey
"Monteiro, Nariel",MA,1,Massachusetts
Monterey Bay Aquarium Research Institute,CA,16,California
Monterey Institute For Research in Astronomy,CA,3,California
Monterey Peninsula College,CA,1,California
Montgomery College,MD,5,Maryland
Montgomery County Community College,PA,1,Pennsylvania
"Montgomery, Andrew",GA,1,Georgia
"Moodie, Andrew J",TX,1,Texas
"Mooney, Jazlyn",CA,1,California
Moore                   Jenna          M,FL,1,Florida
"Moore, Kelsey R",CA,1,California
"Moore, Megan Elizabeth",NC,1,North Carolina
Moraine Valley Community College,IL,2,Illinois
Moravian University,PA,7,Pennsylvania
Morehead State University,KY,2,Kentucky
Morehouse College,GA,19,Georgia
Morehouse School of Medicine,GA,8,Georgia
"Moreira, Joao F",CA,1,California
"Morfe, Peter",IL,1,Illinois
Morgan                  Victoria       M,CA,1,California
Morgan State University,MD,78,Maryland
"Morgan, Katrina",NC,1,North Carolina
"Morgridge Institute for Research, Inc.",WI,6,Wisconsin
"Morris, Benjamin",IL,1,Illinois
"Morris, Zachary",CT,1,Connecticut
"Morrison, Megan",WA,1,Washington
"Morrow, Jackson",GA,1,Georgia
Morton Arboretum,IL,4,Illinois
"Moser, Amy Catherine",CA,1,California
"Moser, Charlotte",CO,1,Colorado
"Moses, David",CA,1,California
"Mosley, Camille",IN,1,Indiana
"Moss, Jeanette B",MD,1,Maryland
Mote Marine Laboratory,FL,6,Florida
Motlow State Community College,TN,4,Tennessee
"Mouillé, Lawrence",TX,1,Texas
Mount Desert Island Biological Laboratory,ME,1,Maine
Mount Holyoke College,MA,11,Massachusetts
Mount Hood Community College,OR,3,Oregon
Mount Marty College,SD,2,South Dakota
"Mount Mary University, Inc.",WI,2,Wisconsin
Mount Saint Mary's University,CA,2,California
Mount San Antonio College,CA,9,California
Mount St. Mary's University,MD,2,Maryland
Mount Wachusett Community College,MA,1,Massachusetts
"Mount, Genevieve G",LA,1,Louisiana
Mountwest Community & Technical College,WV,1,West Virginia
"Moyen, Nicole E",CA,1,California
"Moyer, Morgan",NJ,1,New Jersey
Mozilla Foundation,CA,1,California
"Muchoney, Nadya Dougherty",NV,1,Nevada
"Mueller, Megan A",CT,1,Connecticut
Muhlenberg College,PA,2,Pennsylvania
"Mui, Stephanie",GA,1,Georgia
"Mullaney, Emma G",MI,1,Michigan
"Munasinghe, Manisha A",NY,1,New York
"Mundinger, Joshua",IL,1,Illinois
"Mundy, Samuel",NY,1,New York
"Muragishi, Gregg A",WA,1,Washington
"Muralidhar, Pavitra",MA,1,Massachusetts
"Murphy, Katherine Marie",CA,1,California
"Murphy, Sara Edinger",CA,1,California
Murray State University,KY,10,Kentucky
Museum of Science,MA,1,Massachusetts
Muskingum College,OH,1,Ohio
"Musser, Grace",TX,1,Texas
"Mutchnik, Scott I",CA,1,California
"Muzio, Marco Stein",NY,1,New York
"Myers, Ronald James",MO,1,Missouri
Myriad Sensors,TN,1,Tennessee
NAAMIRA BIOMEDICALS LLC,TX,1,Texas
"NABLA BIO, INC.",MA,1,Massachusetts
"NALA SYSTEMS, INC.",NC,1,North Carolina
"NAMAKA ALGAE, INC",HI,1,Hawaii
NANO PHARMASOLUTIONS INC.,CA,1,California
"NANO-PRODUCT ENGINEERING, LLC",CO,1,Colorado
"NANOCRINE, INC.",MD,1,Maryland
"NANODESK, LLC",CA,1,California
"NANODIAN, INC.",CA,1,California
NANOFLEX POWER CORPORATION,AZ,1,Arizona
"NANOINNOVATIONS, LLC",TX,1,Texas
"NANOIONIX, LLC",CT,1,Connecticut
"NANOPATTERN TECHNOLOGIES, INC.",IL,2,Illinois
NANOPLASMONICS LLC,CO,1,Colorado
NANORED LLC,WI,1,Wisconsin
NANORES LLC,IN,1,Indiana
"NANORESEARCH, INC.",GA,1,Georgia
NANOXORT LLC,AL,2,Alabama
NASA/GODDARD SPACE FLIGHT CENTER,MD,1,Maryland
NASA/Goddard Space Flight Center/Wallops Flight Facility,VA,1,Virginia
"NASACLIP, INC.",MD,1,Maryland
NASUS MEDICAL INC.,AZ,2,Arizona
"NATIONAL ASSOCIATION FOR FAMILY, SCHOOL AND COMMUNITY ENGAGEMENT",VA,1,Virginia
NATIONAL CENTER FOR HIGHER EDUCATION MANAGEMENT SYSTEMS,CO,1,Colorado
"NATIONAL CURRENCY TECHNOLOGIES, INC.",VA,1,Virginia
NATIONAL INSTITUTE OF STANDARDS AND TECHNOLOGY,MD,1,Maryland
"NATIONAL RESOURCE CONSULTANTS, LLC",KS,2,Kansas
NATIONAL SCIENCE POLICY NETWORK,CA,1,California
"NATRX, INC.",NC,2,North Carolina
"NATURAL NIPPLE CORP., THE",FL,1,Florida
"NBN TECHNOLOGIES, LLC",NY,1,New York
NCO Technologies LLC,CO,1,Colorado
"ND-DIAGENOMIX, INC.",IN,1,Indiana
NEARABL INC.,NY,1,New York
NEARSTAR FUSION INC,VA,1,Virginia
"NELLONE THERAPEUTICS, INC.",TN,1,Tennessee
"NEOCARE INNOVATIONS, INC.",CA,1,California
NEPTUNYA OCEAN POWER LLC,FL,1,Florida
NERRATIVE TECHNOLOGY INC.,CA,1,California
"NEUCORE BIO, INC.",OH,1,Ohio
"NEURALTRAK, INC",CA,1,California
"NEURIGHT, INC.",ME,1,Maine
NEUROBIONICS INC,MA,1,Massachusetts
"NEURODYNE, INC.",TN,2,Tennessee
"NEUROGENECES, INC.",NM,1,New Mexico
"NEUROLIGHT, INC.",NY,1,New York
NEUROSMART INC.,CA,2,California
NEUROSOMNICSLLC,NV,1,Nevada
"NEUROSONICS MEDICAL, INC.",MD,1,Maryland
NEUROTECHR3 INC.,NJ,2,New Jersey
"NEUROTRAINER, INC",CA,1,California
NEUROWIRED,WV,1,West Virginia
NEURX MEDICAL LIMITED LIABILITY COMPANY,PA,1,Pennsylvania
NEVADA STATE UNIVERSITY,NV,3,Nevada
"NEW ENGLAND HEMOLYTICS, INC.",CT,1,Connecticut
"NEW EQUILIBRIUM BIOSCIENCES, INC.",MA,1,Massachusetts
"NEW GROWTH INNOVATION NETWORK, INC",IL,1,Illinois
"NEW HAMPSHIRE ACADEMY OF SCIENCE, INC.",NH,1,New Hampshire
NEW HORIZON BIOTECH INC,PA,1,Pennsylvania
NEW MEXICO TRADE ALLIANCE,NM,1,New Mexico
"NEW PAGE STRATEGIC CONSULTING, LLC",TX,1,Texas
"NEW UNIVERSITY OF BRIDGEPORT, INC., THE",CT,2,Connecticut
NEW YORK WOMEN IN FILM & TELEVISION,NY,1,New York
NEWHAPTICS CORP.,MI,2,Michigan
NEXGEN CANCER DETECTION LLC,MN,2,Minnesota
"NEXILICO, INC.",CA,2,California
"NEXT-ION ENERGY, INC.",CA,1,California
NEXTC CORPORATION,OR,1,Oregon
NEXTCORPS INC,NY,1,New York
NEXTFLEX LEARNING PROGRAMS,CA,1,California
NEXTGENEDU INC,FL,1,Florida
NEXTGLASS LLC,MD,1,Maryland
"NEXTILES, INC.",NY,1,New York
NEXTPRINTED SOLAR LLC,AL,1,Alabama
NEXUMA L.L.C.,FL,1,Florida
NEYROBLASTGX LLC,CA,1,California
NFP NEXUS INC,NY,1,New York
"NININGER MEDICAL, INC.",TX,1,Texas
NIST/Center for Atomic Molecular and Optical Physics,MD,1,Maryland
"NISTRON, L.L.C.",IA,1,Iowa
NITRICITY INC.,CA,1,California
NITRO BIOSCIENCES INC.,DE,1,Delaware
NJEDge.Net,NJ,2,New Jersey
NOAA,MD,5,Maryland
NOBLE GAS SYSTEMS LLC,MI,2,Michigan
NOMI MATERIALS CORP,NY,2,New York
NOMIS POWER GROUP LLC,NY,1,New York
NON-INERTIAL NAVIGATION TECHNOLOGY,MI,1,Michigan
NONA TECHNOLOGIES,MA,1,Massachusetts
NONLINEAR MATERIALS CORPORATION,WA,1,Washington
NOON ENERGY INC.,CA,2,California
"NORCON TECHNOLOGIES HOLDING, INC.",AZ,1,Arizona
"NORCON TECHNOLOGIES, LLC",AZ,1,Arizona
NORTH GEORGIA TECHNICAL COLLEGE,GA,1,Georgia
NORTHEASTERN TECHNICAL COLLEGE,SC,1,South Carolina
"NORTHWEST KANSAS TECHNICAL COLLEGE, INC.",KS,1,Kansas
"NOSTOPHARMA, LLC",MD,2,Maryland
"NOT SUSPICIOUS, LLC",FL,1,Florida
NOUVAI INC.,CA,1,California
NOVATECH INNOVATIONS LLC,CA,1,California
NOVAURUM BIOSCIENCES INCORPORATED,MA,1,Massachusetts
"NOVEL FARMS, INC.",CA,2,California
"NOVELTY FILMS, INC",NY,1,New York
NOVI LLC,VA,1,Virginia
"NOVINEER, INC.",FL,2,Florida
"NOVO AERO TECHNOLOGY, INC.",NC,1,North Carolina
"NOVOCLADE, INC.",MN,1,Minnesota
"NOVOTHELIUM, LLC",TX,1,Texas
"NOVOZYMES, INC",CA,1,California
"NU PLANET PHARMACEUTICAL RADIOISOTOPES, INC.",AZ,1,Arizona
NUCLEON POWER INC,TN,1,Tennessee
NUETA HIDATSA SAHNISH COLLEGE,ND,4,North Dakota
NUMENTUS TECHNOLOGIES INC.,CA,3,California
NUMIX Materials Inc.,WI,1,Wisconsin
NUMOOLA LLC,PA,1,Pennsylvania
"NUTHATCH ROBOTICS, INC.",MA,1,Massachusetts
"NX FUELS, INC.",MI,1,Michigan
"Nadeau, Christopher Paul",MA,1,Massachusetts
"Naff, Keaton Thomas",NY,1,New York
"Nagurney, Alexandra Bobiak",VA,1,Virginia
"Naik, Abhishek T",CT,1,Connecticut
"Nakamura, Kai",TX,1,Texas
"Nakashima, Whitney",CA,1,California
"Namayandeh, Alireza",CA,1,California
"Nanavati, William Parashar",MT,1,Montana
"Nano Composite Products, Inc",UT,1,Utah
NanoGrass Solar LLC,PA,1,Pennsylvania
"NanoSoft, LLC",RI,1,Rhode Island
"NanoSpy, Inc.",IA,1,Iowa
"NanoVMs, Inc.",CA,1,California
"Nanomatronix, LLC",AR,1,Arkansas
Nanopath Inc.,MA,2,Massachusetts
Nantucket Maria Mitchell Association,MA,4,Massachusetts
"Naranjo, Andre Alexander",FL,1,Florida
Nash Community College,NC,1,North Carolina
Nassau Community College,NY,2,New York
Nathan S Kline Institute for Psychiatric Research,NY,1,New York
National Alliance for Partnerships in Equity Education Foundatio,TX,1,Texas
National Archives and Records Administration,MD,2,Maryland
National Audubon Society,NY,2,New York
National Bureau of Economic Research Inc,MA,100,Massachusetts
National Cancer Institute,MD,1,Maryland
National Center For State Courts,VA,2,Virginia
National Center for Genome Resources,NM,2,New Mexico
National Collegiate Inventors and Innovators Alliance,MA,9,Massachusetts
National Credit Union Administration,VA,3,Virginia
National Institute for Pharmaceutical Technology and Education,MN,1,Minnesota
National Institute of Aerospace Associates,VA,1,Virginia
National Institute of Statistical Sciences,NC,2,North Carolina
National Institutes of Health (NIH/OD/OER),MD,5,Maryland
National Marine Mammal Foundation,CA,1,California
"National Math and Science Initiative, Inc.",TX,1,Texas
National Opinion Research Center,IL,17,Illinois
National Park Community College,AR,1,Arkansas
National Postdoctoral Association,MD,2,Maryland
National Science Teaching Association,VA,1,Virginia
National Security Agency,MD,1,Maryland
National Society of Black Engineers,VA,2,Virginia
National Tropical Botanical Garden,HI,2,Hawaii
National University,CA,3,California
National-Louis University,IL,4,Illinois
Nations                 Jonathan,LA,1,Louisiana
Nativus Inc,NV,1,Nevada
Nature Conservancy,VA,1,Virginia
NatureServe,VA,1,Virginia
Naugatuck Valley Community College,CT,1,Connecticut
"Naughton, Hannah Rose",CA,1,California
Navajo Technical University,NM,14,New Mexico
Naval Facilities Engineering Service Center,CA,2,California
Naval Postgraduate School,CA,18,California
"Navy, United States Department of the",SC,3,South Carolina
Nazareth College of Rochester,NY,2,New York
"Neal, Isaac",NY,1,New York
Nebraska Indian Community College,NE,3,Nebraska
Nebraska Wesleyan University,NE,1,Nebraska
"Neely, James Scott",IL,1,Illinois
"Negrete, Benjamin",TX,1,Texas
"Neitzey, Michelle",CT,1,Connecticut
Nell                    Lucas,WI,1,Wisconsin
"Nelsen, Nicholas H",MA,1,Massachusetts
Neptune Fluid Flow Systems LLC,TN,1,Tennessee
Neumann University,PA,1,Pennsylvania
"NeuroFlow, Inc.",PA,1,Pennsylvania
"Neurologic Solutions, Inc.",VA,1,Virginia
"Neutroelectric, LLC",NJ,1,New Jersey
Nevada System of Higher Education,NV,3,Nevada
"Nevada System of Higher Education, Desert Research Institute",NV,38,Nevada
New College of Florida,FL,2,Florida
New England Complex Systems Institute,MA,1,Massachusetts
New Iridium,CO,3,Colorado
New Jersey City University,NJ,3,New Jersey
New Jersey Institute of Technology,NJ,236,New Jersey
New Mexico Consortium,NM,12,New Mexico
New Mexico Highlands University,NM,11,New Mexico
New Mexico Institute of Mining and Technology,NM,54,New Mexico
New Mexico Museum of Natural History Foundation,NM,1,New Mexico
New Mexico State University,NM,105,New Mexico
New York Botanical Garden,NY,15,New York
New York Genome Center,NY,1,New York
New York Hall of Science,NY,8,New York
New York Institute of Technology,NY,20,New York
New York State Education Department,NY,1,New York
New York University,NY,481,New York
New York University Medical Center,NY,16,New York
"Newkirk, Casandra",NC,1,North Carolina
Nexight Group LLC,MD,2,Maryland
"NextGen Battery Technologies, LLC",GA,2,Georgia
"Neylan, Isabelle P",CA,1,California
Nez Perce Tribe,ID,1,Idaho
"Nguyen, Dung Hoang",CT,1,Connecticut
Niagara County Community College,NY,2,New York
Niagara University,NY,1,New York
"Niche Biomedical, Inc.",CA,2,California
"Nicholas, Jonathan",NY,1,New York
"Nicholson, Anthony P",CO,1,Colorado
"Nicoletti, Matthew",MA,1,Massachusetts
Nikira Labs Inc.,CA,1,California
"Nitrate Elimination Company, Inc",MI,2,Michigan
"Noble Research Institute, LLC",OK,1,Oklahoma
"Nolan, Trevor M",NC,1,North Carolina
"Nolte, Alexander David",GA,1,Georgia
"Nona Research Foundation, Inc",MA,1,Massachusetts
"Nonnamaker, Emily",NY,1,New York
"Nook, Erik Christopher",NY,1,New York
Norfolk State University,VA,22,Virginia
"Noria Water Technologies, Inc",CA,1,California
Normandale Community College,MN,2,Minnesota
North Arkansas College,AR,7,Arkansas
North Carolina Agricultural & Technical State University,NC,115,North Carolina
North Carolina Central University,NC,26,North Carolina
North Carolina State University,NC,625,North Carolina
North Carolina Wesleyan College,NC,1,North Carolina
North Central College,IL,5,Illinois
North Dakota State College of Science,ND,1,North Dakota
North Dakota State University Fargo,ND,88,North Dakota
North Iowa Area Community College,IA,1,Iowa
North Orange County Community College District,CA,2,California
North Park University,IL,2,Illinois
NorthWest Arkansas Community College,AR,3,Arkansas
"NorthWest Research Associates, Incorporated",WA,24,Washington
Northcentral Technical College,WI,1,Wisconsin
Northeast Community College,NE,1,Nebraska
Northeast Iowa Community College,IA,1,Iowa
Northeast Ohio Medical University,OH,4,Ohio
Northeast Radio Observatory Corp,MA,1,Massachusetts
Northeast State Technical Community College,TN,2,Tennessee
Northeast Wisconsin Technical College,WI,4,Wisconsin
Northeastern Illinois University,IL,16,Illinois
Northeastern Junior College,CO,1,Colorado
Northeastern State University,OK,3,Oklahoma
Northeastern University,MA,465,Massachusetts
Northern Arizona University,AZ,143,Arizona
Northern Forest Center,NH,1,New Hampshire
Northern Illinois University,IL,67,Illinois
Northern Kentucky University,KY,8,Kentucky
Northern Michigan University,MI,6,Michigan
Northern New Mexico College,NM,1,New Mexico
Northern State University,SD,1,South Dakota
Northern Virginia Community College,VA,16,Virginia
Northland Community & Technical College,MN,2,Minnesota
Northwest College,WY,1,Wyoming
Northwest Indian College,WA,8,Washington
Northwest Missouri State University,MO,2,Missouri
Northwest Vista College,TX,1,Texas
Northwestern Connecticut Community College,CT,1,Connecticut
Northwestern University,IL,464,Illinois
Northwestern University at Chicago,IL,36,Illinois
Norwalk Community College,CT,1,Connecticut
Norwich University,VT,4,Vermont
"Norwood, Alexandra Lynn",MI,1,Michigan
Nova Southeastern University,FL,12,Florida
Novonate Inc,CA,1,California
"Nsengiyumva, Emmanuel M",NY,1,New York
"Nth Cycle, LLC",MA,1,Massachusetts
Nucleos Incorporated,CA,1,California
Nunez                   Alejandro,NY,1,New York
Nurture Nature Center,PA,1,Pennsylvania
"O'Brien, Connor",MA,1,Massachusetts
"O'Desky, Andrew",MI,1,Michigan
"O'Reilly, Elizabeth",TX,1,Texas
O-Robotix Inc,CA,1,California
"O2M Technologies, LLC",IL,1,Illinois
OAKGROVE BIO LLC,DE,2,Delaware
OAM PHOTONICS LLC,NM,2,New Mexico
OBEEWAN TECHNOLOGIES INC,PA,1,Pennsylvania
"OBJECTIVE ED, INC.",FL,2,Florida
OBLIVIOUS LABS INC.,PA,1,Pennsylvania
"OBSIDIAN SENSORS, INC.",CA,2,California
"OBSIDIO, INC.",SC,1,South Carolina
"OCEAN MOTION TECHNOLOGIES, INC.",CA,2,California
OCELAND LLC,FL,1,Florida
OCULOGENEX,CA,2,California
OCULOMOTOR TECHNOLOGIES INC.,NJ,1,New Jersey
OFF PLANET RESEARCH L.L.C.,WA,2,Washington
"OFF-WORLD, INC.",CA,2,California
OFFICE OF PERSONNEL MANAGEMENT,PA,17,Pennsylvania
OFM Research,WA,2,Washington
"OHIO STATE UNIVERSITY, THE",OH,576,Ohio
OKLAHOMA STATE REGENTS FOR HIGHER EDUCATION,OK,6,Oklahoma
OM THERAPEUTICS INC.,CA,1,California
OMEGA HYDRODYNAMICS RESEARCH LLC,MI,1,Michigan
"OMNICYTE, LLC",CT,2,Connecticut
"ONCLAVE NETWORKS, INC.",VA,1,Virginia
ONCOBLAZE LLC,SC,1,South Carolina
"ONCODISC, INC.",CA,1,California
ONCOSTING LLC,MD,1,Maryland
"ONE SPOT LEARNING, INC.",PA,2,Pennsylvania
ONE-DERINGS LLC,OH,1,Ohio
"ONECYTE BIOTECHNOLOGIES, INC.",MA,2,Massachusetts
"ONESEVENTEEN MEDIA, PBC",TX,1,Texas
"ONSYSTEM LOGIC, LLC",MD,1,Maryland
"ONYX AEROSPACE, INC.",AL,1,Alabama
OPAL AI INC.,CA,1,California
OPAL HTM INC,IL,1,Illinois
OPAL THERAPEUTICS INC,CA,1,California
OPEN MOLECULAR SOFTWARE FOUNDATION,CA,2,California
OPEN SOURCE HARDWARE ASSOCIATION,CO,1,Colorado
OPEN SOURCE INSTRUMENTS INC.,MA,1,Massachusetts
"OPERA BIOSCIENCE, INC.",IL,2,Illinois
"OPOS, INC.",CA,1,California
OPSUS LLC,IN,1,Indiana
OPTAVE DIAGNOSTICS LLC,MD,1,Maryland
OPTERA LLP,NC,1,North Carolina
OPTIC FRINGE CORP.,MA,2,Massachusetts
OPTICAL METROLOGY SOLUTIONS LLC,NY,1,New York
OPTICAL WATERS LLC,MA,2,Massachusetts
"OPTICALX, LLC",CA,1,California
OPTIMIZING MIND,CA,1,California
"OPTISORT, LLC",NY,1,New York
"ORALIVA, INC.",NC,2,North Carolina
"ORBIT FAB, INC.",CO,1,Colorado
ORBITAL AI LLC,MI,1,Michigan
ORGANIC ROBOTICS CORPORATION,MA,2,Massachusetts
"ORGANICSMART, INC.",PA,1,Pennsylvania
ORION LABS LLC,CO,1,Colorado
ORION THERAPEUTICS INC.,TN,2,Tennessee
"ORTHOMECHANICA, INC.",OR,1,Oregon
ORTUVO LLC,MD,1,Maryland
OSCIFLEX LLC,PA,1,Pennsylvania
"OSCILLOSCAPE, LLC",CT,1,Connecticut
"OSMOPURE TECHNOLOGIES, INC",CO,1,Colorado
OSMOSES INC.,MA,1,Massachusetts
OSO SEMICONDUCTOR INC.,CA,1,California
OSSILLATE INC.,AL,1,Alabama
OSTIIO LLC,PA,2,Pennsylvania
OT APP DESIGN LLC,NJ,1,New Jersey
OTHERWORDLY LLC,MD,1,Maryland
OTORO ENERGY INC,CO,2,Colorado
OUTER COAST,AK,1,Alaska
"OWIC TECHNOLOGIES, INC.",NY,2,New York
OWL AUTONOMOUS IMAGING INC,NY,2,New York
OWLFLY,NJ,2,New Jersey
"OXALO THERAPEUTICS, INC.",IL,1,Illinois
OXBYEL TECHNOLOGIES INC.,AZ,2,Arizona
OYS MOBILITY INC.,WA,1,Washington
Oak Ridge Associated Universities,TN,1,Tennessee
Oakland University,MI,60,Michigan
Oakton Community College,IL,1,Illinois
Oakwood College,AL,3,Alabama
Oberlin College,OH,23,Ohio
Occidental College,CA,25,California
Oceanography Society,MD,4,Maryland
Ocella Inc,IN,1,Indiana
"Ochoa, Jessica Micaela",CA,1,California
"Octet Scientific, Inc.",OH,2,Ohio
"Odlum, Margaret",TX,1,Texas
Oglala Lakota College,SD,4,South Dakota
Ohio Dominican University,OH,1,Ohio
Ohio Northern University,OH,1,Ohio
Ohio University,OH,35,Ohio
Ohio Wesleyan University,OH,4,Ohio
Ohlone Community College District,CA,2,California
"Ohm, Laurel A",MN,1,Minnesota
"Okamoto, Kristina",CA,1,California
Oklahoma Medical Research Foundation,OK,2,Oklahoma
Oklahoma State University,OK,169,Oklahoma
"Olander, Noah B",NY,1,New York
Old Dominion University Research Foundation,VA,102,Virginia
Oliverio                Angela         M,CO,1,Colorado
"Olroyd, Savannah L",WA,1,Washington
"Olsen, Kevin",FL,1,Florida
"Olson, Connor I",MA,1,Massachusetts
Olympic College,WA,1,Washington
"OmnEcoil Instruments, Inc.",OR,1,Oregon
Omnivis LLC,CA,2,California
Onai Inc.,CA,3,California
"Oncospace, Inc.",MD,1,Maryland
"Oncurie, Inc.",NC,1,North Carolina
"Onda Vision Technologies, LLC",NC,2,North Carolina
One Million Metrics Corp,NY,1,New York
"Onyango, Evans Awere",NM,1,New Mexico
"Opie, Morgan P",MA,1,Massachusetts
"OptiPulse, Inc",NM,1,New Mexico
"Optimeos Life Sciences, Inc.",NJ,2,New Jersey
Oral Roberts University,OK,1,Oklahoma
"Oravec, Madeline W.",MN,1,Minnesota
"Ordog, Erika Anastasia",NC,1,North Carolina
Oregon Health & Science University,OR,15,Oregon
Oregon Institute of Technology,OR,2,Oregon
Oregon Museum of Science and Industry,OR,3,Oregon
Oregon Research Institute,OR,5,Oregon
Oregon State University,OR,419,Oregon
"Orosz, Florencia",CO,1,Colorado
"Otoo, Benjamin K",IL,1,Illinois
Otterbein College,OH,4,Ohio
Ouachita Baptist University,AR,1,Arkansas
Our Lady of the Lake University,TX,2,Texas
"Ouyang, Charles",TX,1,Texas
"Ouyang, Zhimeng",CA,1,California
"Ovans, Zoe",PA,1,Pennsylvania
Owens State Community College,OH,1,Ohio
Owensboro Community & Technical College,KY,1,Kentucky
Ozarks Technical Community College,MO,1,Missouri
PALANQUIN POWER INC,CO,1,Colorado
"PALENA THERAPEUTICS, INC.",MA,1,Massachusetts
PANDA INDUSTRIES INC.,FL,1,Florida
PANGEA CHAT LLC,VA,2,Virginia
PANGEA LLC,TN,1,Tennessee
"PARADIGM OF NY, LLC",NY,1,New York
PARADOCS HEALTH INC.,TX,1,Texas
"PARALLEL FLIGHT TECHNOLOGIES, INC.",CA,1,California
"PARALLEL PIPES, LLC",MA,1,Massachusetts
"PARAMITA THERAPEUTICS, INC.",CA,1,California
PARAMIUM TECHNOLOGIES LLC,AZ,2,Arizona
PARAMOUNT PLANET PRODUCT,ME,2,Maine
PARISI TECHNOLOGIES LLC,OR,1,Oregon
"PARKVIEW HOSPITAL, INC.",IN,1,Indiana
"PARTHIAN BATTERY SOLUTIONS, LLC",WV,1,West Virginia
"PARTICLE4X, INC.",MN,1,Minnesota
PARTILLION BIOSCIENCE CORPORATION,CA,1,California
PASCAL TAGS INC,KY,1,Kentucky
PATHFLOW INC.,MA,1,Massachusetts
PATHOTRAK INC.,DE,2,Delaware
PBS FOUNDATION,VA,1,Virginia
"PEARL BIO, INC.",MA,1,Massachusetts
"PEARL STREET TECHNOLOGIES, INC.",PA,1,Pennsylvania
"PEARNETS, INC.",IL,1,Illinois
PECAN STREET INC.,TX,3,Texas
PENNSYLVANIA WESTERN UNIVERSITY,PA,4,Pennsylvania
PERATON LABS INC,NJ,1,New Jersey
PERAWATT ENERGY INC.,CA,1,California
PERCEPT BIOSCIENCES INC.,CA,1,California
"PERCEPTRA TECHNOLOGIES, INC.",CA,1,California
"PERCEUS, INC.",CA,1,California
PERCEV LLC,IA,2,Iowa
"PERSEUS MATERIALS, INC.",TN,1,Tennessee
PETL FLUIDICS LLC,NY,1,New York
PHAGE REFINERY LLC,TX,1,Texas
PHARMACOUSTICS TECHNOLOGIES LLC,NY,2,New York
"PHAXTEC, INC.",NC,2,North Carolina
"PHENOTARGET BIOSCIENCES, INC.",CA,1,California
"PHLUX TECHNOLOGIES, INC.",PA,2,Pennsylvania
PHOENIX WASTE SOLUTIONS INC.,LA,2,Louisiana
"PHORESIS, INC.",NJ,1,New Jersey
PHOSIO CORPORATION,OR,1,Oregon
"PHOTOCIDE PROTECTION, INC.",NC,1,North Carolina
PHOTONECT INTERCONNECT SOLUTIONS INC,NY,2,New York
"PHOTONLAB, INC.",CA,1,California
PHYTOSTONE LLC,NY,1,New York
PHYTUNES INC,CA,2,California
PI RADIO INC,NY,1,New York
PICOLO LABS INC,WY,1,Wyoming
"PIERSICA, INC.",FL,2,Florida
"PIEZO THERAPEUTICS, INC.",GA,1,Georgia
PIKE ROBOTICS INC.,TX,2,Texas
PINWHEEL SOLAR LLC,NY,1,New York
PIRVISION LENS LLC,CA,1,California
PITCH AERONAUTICS INC.,ID,1,Idaho
PLANCK ENERGIES INC.,MA,1,Massachusetts
PLANETTE ANALYTICS INC,CA,1,California
PLASMA ENERGY INNOVATION,MA,1,Massachusetts
"PLASMACHEM SOLUTIONS, INC.",NY,1,New York
PLASTOMICS INC.,MO,1,Missouri
PLATFORM TECHNOLOGY VENTURES LLC,MA,1,Massachusetts
"PLEXISION, INC.",PA,1,Pennsylvania
"PLEXYMER, INC.",NJ,1,New Jersey
PNEUMONIX MEDICAL INC.,MD,1,Maryland
"POD NETWORK, LLC",CA,1,California
POINT PARK UNIVERSITY,PA,1,Pennsylvania
"POINTPRO, INC.",OH,1,Ohio
POLARCTIC LLC,VA,2,Virginia
POLLUX TECHNOLOGIES LLC,NJ,1,New Jersey
POLYMER SOLUTIONS INC,GA,1,Georgia
"POLYPV, LLC",NC,1,North Carolina
"POMODYNE, INC.",CA,1,California
"POPP, Teresa E",WI,1,Wisconsin
PORTABLE SOLAR INC.,FL,1,Florida
"POWDER WATTS, LLC",UT,1,Utah
"POWER 3D, INC",PA,1,Pennsylvania
"POWER FOR HUMANITY, INC.",MA,1,Massachusetts
POWERSILO INC,CA,1,California
PRAG LLC,FL,2,Florida
"PRAGMADX, INC.",MD,1,Maryland
"PRAIRIELEARN, INC.",IL,1,Illinois
"PRECIENT TECHNOLOGIES, LLC",AZ,1,Arizona
"PRECISION SURFACE SCIENCE, LLC",OH,1,Ohio
PRECISION THERANOSTICS INC,MD,1,Maryland
PREDICOR LLC,OH,1,Ohio
"PREHAB TECHNOLOGIES, LLC",MI,1,Michigan
"PRENOSTIK, LLC",CA,1,California
"PRESAJ, INC.",IA,1,Iowa
PREVENTA MEDICAL CORPORATION,AZ,1,Arizona
PRHOBE INC,CA,1,California
"PRICING SERVICE, INC.",CO,1,Colorado
"PRIMARY BIOSCIENCE, INC.",WA,1,Washington
PRIME PACIFIC ENTERPRISES LLC,HI,1,Hawaii
"PRIMETAZ, LLC",MA,1,Massachusetts
"PRINCETON CRITICAL MINERALS, INC.",NJ,1,New Jersey
PRISAM LLC,NY,1,New York
PRISMS OF REALITY INC.,CA,2,California
PRISSEM ACADEMIC SERVICES LLC,VA,1,Virginia
PRJCT B CO.,NY,1,New York
PROBLOCH LLC,TX,1,Texas
"PRODUCTS FOR ANY LIFESTYLE, INC.",MD,1,Maryland
PROGENITOR INC.,UT,1,Utah
"PROJECT VESTA, PBC",CO,1,Colorado
"PROMEDIX, INC.",OR,2,Oregon
"PROMPT DIAGNOSTICS, INC.",MD,2,Maryland
PROTEIN DESIGN SOLUTIONS LLC,PA,1,Pennsylvania
PROTEIN ENGINES LLC,WA,1,Washington
PROTIUM POWER SYSTEMS INC.,NJ,1,New Jersey
PROVIZIGEN LLC,NY,1,New York
"PROXIMAL, LLC",NC,1,North Carolina
"PSEUDOLITHIC, LLC",CA,2,California
PSI CHI INC,TN,1,Tennessee
PSL FOUNDATION,SC,1,South Carolina
"PSYONIC, Inc.",CA,2,California
PUBLIC POLICY LAB,NY,1,New York
PUMPKINSEED TECHNOLOGIES INC,CA,2,California
"PURAFIDE, LLC",NY,2,New York
"PURDUE APPLIED RESEARCH INSTITUTE, LLC",IN,1,Indiana
PURPLE MAI`A FOUNDATION,HI,1,Hawaii
PYRAN INC,WI,1,Wisconsin
"PYXEDA, INC",CA,1,California
PZA INNOVATION LLC,MD,1,Maryland
Pace University New York Campus,NY,6,New York
"Pacheco Fores, Sofia",AZ,1,Arizona
Pacific American Foundation,HI,1,Hawaii
Pacific Lutheran University,WA,4,Washington
Pacific Northwest Research Institute,WA,1,Washington
Pacific Resources for Education and Learning,HI,1,Hawaii
Pacific University,OR,4,Oregon
"Padgitt-Cobb, Lillian",OR,1,Oregon
"Pajic, Petar",NY,1,New York
Paleontological Research Institute,NY,3,New York
Palm Beach State College,FL,1,Florida
"Palmer, David",MA,1,Massachusetts
Palo Alto College,TX,1,Texas
Palo Alto Veterans Institute for Research,CA,2,California
Palomar College,CA,1,California
"Palos, Etienne I",CA,1,California
"Paluh, Daniel J",FL,1,Florida
"Parallel Fluidics, Inc.",MA,1,Massachusetts
"Parekh, Shalin",MD,1,Maryland
"Parker, Charles William",RI,1,Rhode Island
"Parker, Coltan Gable",IL,1,Illinois
"Parker, Gregory J",CA,1,California
"Parker, Jenna Marie",CO,1,Colorado
"Parker, Wesley George",OH,1,Ohio
Parkland College,IL,4,Illinois
"Particle Flux Analytics, Inc",UT,1,Utah
Pasadena City College,CA,3,California
"Pascal Tags, L.L.C.",KY,1,Kentucky
"Pasha, Mirjeta",AZ,1,Arizona
Passaic County Community College,NJ,1,New Jersey
"Patel, Shreya Kiritbhai",CA,1,California
"Pathak, Reese",CA,1,California
"Patterson, Dayna C",PA,1,Pennsylvania
"Patterson, Jeremy R",WI,1,Wisconsin
"Patterson, Samantha",AZ,1,Arizona
"Patton, Austin H",WA,1,Washington
Paul Smith's College of Arts and Sciences,NY,1,New York
"Payne, Natalie",AZ,1,Arizona
"Pearce, Katherine Joyce",TX,1,Texas
"Pech, Corey",OH,1,Ohio
"PediaMetrix, Inc.",MD,1,Maryland
"Pegan, Teresa",MI,1,Michigan
Pekosoft LLC,PA,1,Pennsylvania
"Pellet Productions, Inc.",MA,1,Massachusetts
"Pellitier, Peter",MI,1,Michigan
Pelzl                   Eric,PA,1,Pennsylvania
"Pena, Jessica",FL,1,Florida
"Pena, Tara",NY,1,New York
"Pence, Michael A",IL,1,Illinois
"Pendergrass, Andrew",MA,1,Massachusetts
"Pennington, Lillie K",GA,1,Georgia
Pennsylvania College of Technology,PA,4,Pennsylvania
Pennsylvania State Univ University Park,PA,912,Pennsylvania
Pensacola Junior College,FL,2,Florida
"Pensievision, Inc.",CA,1,California
Pepperdine University,CA,6,California
"Perea, Melecio",CA,1,California
"Pereira, Kenzie Elizabeth",PA,1,Pennsylvania
"Perez, Evan Hunt",UT,1,Utah
"Perkes, Ammon",CA,1,California
"Perlmutter, Jessamyn",KS,1,Kansas
Perot Museum of Nature and Science,TX,1,Texas
"Perryman, Clarice R",NH,1,New Hampshire
"Peterman, David J",OH,1,Ohio
"Petersen, Rachel",CO,1,Colorado
"Peterson, Carsten",MI,1,Michigan
"Petrullo, Lauren",NY,1,New York
"Pfeffer, Joshua",MA,1,Massachusetts
"Pheronym, Inc.",CA,2,California
Philadelphia Area Center for History of Science,PA,1,Pennsylvania
"Phillips, Katrina",FL,1,Florida
"Phillips, Michael Robert",CO,1,Colorado
"Phillips, Michala L",UT,1,Utah
"Phillips, Tristan",AZ,1,Arizona
"Phillipson, Rebecca A",WA,1,Washington
Phoenix Bioinformatics Corporation,CA,3,California
PhylloTech Inc.,WI,1,Wisconsin
Piedmont College,GA,1,Georgia
Piedmont Community College,NC,1,North Carolina
Piedmont Technical College,SC,1,South Carolina
Piedmont Virginia Community College,VA,1,Virginia
"Pieloch, Alexander",NY,1,New York
Pikes Peak Community College,CO,1,Colorado
"Pillai, Mohandas",CA,1,California
Pima County Community College District- NORTHWEST CAMPUS,AZ,2,Arizona
"Pincus, Lauren Nicole",NJ,1,New Jersey
Pinelands Preservation Alliance,NJ,1,New Jersey
"Pitt, Benjamin",CA,1,California
Pittsburgh Technical Institute,PA,3,Pennsylvania
Planetary Science Institute,AZ,13,Arizona
"Plylar, Helen Bond",UT,1,Utah
Plymouth State University,NH,3,New Hampshire
Point Reyes Bird Observatory,CA,2,California
Polk State College,FL,1,Florida
"Polk, Whitney",MA,1,Massachusetts
"Pollack, Lea J",CA,1,California
"Pollitz, Joshua H",UT,1,Utah
Polylux LLC,OH,1,Ohio
Pomona College,CA,22,California
"Porras, Antonio Jose",MD,1,Maryland
"Porter, Blaire M",TX,1,Texas
Portland Community College,OR,3,Oregon
Portland State University,OR,105,Oregon
"Portner, Elan",CA,1,California
Power Environmental Energy Research Institute,CA,1,California
Prairie View A & M University,TX,49,Texas
"Prall, Wil",PA,1,Pennsylvania
"Prather, Hannah",OR,1,Oregon
"Prator, Cecilia A",UT,1,Utah
Pratt Institute,NY,6,New York
"Precast Systems Engineering, LLC",VA,1,Virginia
Precision Microwave Inc.,KS,1,Kansas
Precision Neuroscopics,PA,1,Pennsylvania
Predictive Science Incorporated,CA,5,California
Presbyterian College,SC,1,South Carolina
Prime Labs Inc,MT,1,Montana
Prince George's Community College,MD,3,Maryland
Princeton University,NJ,482,New Jersey
"Proffitt, Melissa R",IN,1,Indiana
"Prokhorov, Andrei",MI,1,Michigan
Protabit LLC,CA,2,California
"Proteios Technology, Inc.",WA,1,Washington
Providence College,RI,13,Rhode Island
"Pruett, Jenna E",AL,1,Alabama
Public Policy Institute of California,CA,1,California
Pueblo Community College,CO,2,Colorado
Purdue University,IN,858,Indiana
Pure Biomass Inc.,CA,1,California
"Pure Sustainable Technologies, LLC",CA,1,California
"Pyrch, Mikaela",IA,1,Iowa
QAS.AI INC,NY,2,New York
QCMEDCHAIN LLC,MN,1,Minnesota
"QCML LABS, LLC",IN,1,Indiana
"QDIR, INC.",IL,1,Illinois
"QGNAI, INC.",MA,1,Massachusetts
"QUADRALYNX, INC",WA,2,Washington
"QUADRATIC 3D, INC.",MA,1,Massachusetts
"QUALIA OTO, INC.",TX,1,Texas
"QUANSIGHT, LLC",TX,1,Texas
QUANTIREAL INC.,CA,1,California
"QUANTIVLY, INC.",MA,2,Massachusetts
"QUANTUM COPPER, INC.",NV,1,Nevada
"QUANTUM ENERGY, INC.",CA,1,California
QUANTUM FORMATICS CORP.,MA,1,Massachusetts
QUANTUM METROLOGY,OR,1,Oregon
"QUANTUM SIMULATION TECHNOLOGIES, INC.",MA,1,Massachusetts
QUANTUMMED INC,TX,1,Texas
"QUANTWORKS, INC.",NC,1,North Carolina
QUARKSEN LLC,MA,1,Massachusetts
QUASISTATICS INC,IN,1,Indiana
QUBITSOLVE INC.,WV,2,West Virginia
"QUICKSILVER BIOSCIENCES, INC.",NY,1,New York
QUINTESSENT INC.,CA,2,California
"QUIVER DENTAL, INC.",WA,1,Washington
"QUNNECT, LLC",NY,1,New York
Qatch Technologies LLC,NC,1,North Carolina
"Quick-Med Technologies, In",FL,1,Florida
Quincy University,IL,1,Illinois
"Quinlan, Eamon Matthew",UT,1,Utah
"Quinlan, Gabriela",PA,1,Pennsylvania
Quinnipiac University,CT,1,Connecticut
Quinsigamond Community College,MA,1,Massachusetts
"Quintana, Anastasia C",NC,1,North Carolina
"Quinteros, Kevin",IA,1,Iowa
"Quirk, Brendon James",UT,1,Utah
R7 INSTRUMENTS INC,MA,1,Massachusetts
"RADIANT SPACE SYSTEMS, INC.",CA,1,California
"RADIOLOGICS, INC.",MO,1,Missouri
RADIOSIGHT LLC,NJ,1,New Jersey
"RADIUS TECHNOLOGY SYSTEMS, INC",MA,1,Massachusetts
RADMANTIS LLC,OH,1,Ohio
RADWAVE TECHNOLOGIES INC.,MN,2,Minnesota
RAINBOW HOSPITALITY LLC,MI,1,Michigan
RALPHVR INC.,KY,1,Kentucky
"RAMONA OPTICS, INC.",NC,1,North Carolina
RANCHCHECK INC.,TX,2,Texas
RANIAL SYSTEMS INC,NY,1,New York
RAPA TECHNOLOGIES LLC,NH,1,New Hampshire
RAPHA ROBOTICS INC.,MA,1,Massachusetts
"RAPICURE SOLUTIONS, INC.",CO,1,Colorado
"RAPID FORENSIC CELL TYPING, INC.",VA,1,Virginia
RAPID RADICALS TECHNOLOGY LLC,WI,1,Wisconsin
RAPIDECT INC,OH,1,Ohio
RATTAN LIFE SCIENCE INC.,CA,2,California
"RAVEL HOLDINGS, INC.",WA,2,Washington
"RAVEN SPACE SYSTEMS, INC.",CO,1,Colorado
RAYSECUR INC.,MA,1,Massachusetts
RCAM TECHNOLOGIES,CO,2,Colorado
"RCE TECHNOLOGIES, INC.",CA,1,California
REBEL MEDICINE INC,UT,2,Utah
REBORNC LLC,MS,1,Mississippi
"RECON RF, INC.",CA,1,California
RECURRENT MOTORS INC.,WA,1,Washington
"RED SHIFT ENERGY, INC.",TX,1,Texas
"REDIMINDS, INC.",MI,1,Michigan
"REDPOINT ONCOLOGY, INC.",MA,1,Massachusetts
"REEF ARCHES, LLC",FL,1,Florida
REEFGEN INC.,CA,2,California
REEGEN INC,NY,2,New York
"REFIBERED, INC.",CA,1,California
"REFLODX, INC.",UT,2,Utah
REHABNETICS MEDICAL LLC,MN,1,Minnesota
"RELAI, INC.",MD,1,Maryland
"REMEDIUM BIO, INC",MA,1,Massachusetts
"RENERVA, LLC",PA,1,Pennsylvania
RENEWCO2 LLC,NJ,2,New Jersey
"REPURPOSE ENERGY, INC.",CA,1,California
"REQYRD, INC.",CO,1,Colorado
RESBONDS INTERNATIONAL CORPORATION,VA,2,Virginia
"RESELUTE, INC.",NC,2,North Carolina
RESET WATER LLC,NY,1,New York
"RESILIENT LIFESCIENCE, INC",PA,1,Pennsylvania
RESILITIX INTELLIGENCE LLC,TX,2,Texas
RESONANCE SIGNATURES LLC,FL,1,Florida
"RESONANTIA DIAGNOSTICS, INC.",NC,1,North Carolina
RESOURCE CHEMICAL CORP.,CA,2,California
"RESPONDIC, INC.",IL,1,Illinois
"RETHINK LEARNING, INC.",NJ,3,New Jersey
RETRN BIOWORKS INC.,NY,1,New York
"RETURN TO VENDOR, CO",NY,1,New York
REVA X-RAY SYSTEMS CORPORATION,CA,1,California
"REVEL TECHNOLOGIES, INC.",CA,2,California
"REVELATA, INC.",CA,1,California
REVISION AUTONOMY INC,MI,1,Michigan
"REVIVBIO, INC",MA,1,Massachusetts
REVIVE BIOTECHNOLOGY INC.,FL,2,Florida
REVMEDICA INC.,CT,1,Connecticut
REVTERRA CORPORATION,TX,2,Texas
RFCUNY d/b/a CUNY Grad School of Public Health & Health Policy,NY,1,New York
RG Research Group,CA,3,California
"RHAEOS, INC",IL,2,Illinois
"RHODIUM GROUP, LLC",NY,1,New York
RICH EARTH LLC,VT,2,Vermont
RIFF LEARNING INC,MA,1,Massachusetts
RIFT VALLEY HEALTH COMPANY,CO,1,Colorado
RIPPLE EFFECT WATER LITERACY PROJECT,LA,1,Louisiana
RIVALIA CHEMICAL CO,IL,1,Illinois
"RIVIEH, INC.",CA,2,California
"RIZLAB HEALTH, INC.",NJ,1,New Jersey
RJH Scientific Incorporated,CA,1,California
"ROBIGO, INC.",MA,2,Massachusetts
ROBOPATH LLC,KS,1,Kansas
"ROCA WATER, INC.",CA,1,California
ROCKET PROPULSION SYSTEMS LLC,WA,2,Washington
"ROCKY MOUNTAIN INNOVATION INITIATIVE, INC.",CO,1,Colorado
ROGUE SPACE SYSTEMS CORPORATION,NH,1,New Hampshire
"ROOT AI, INC.",MA,1,Massachusetts
ROOTWORDS INC,UT,1,Utah
ROPLAGARIN LLC,NV,1,Nevada
ROSALIND FRANKLIN UNIVERSITY OF MEDICINE AND SCIENCE,IL,1,Illinois
ROSEBUD BIOSCIENCES INC.,CA,1,California
ROTOHEATER LLC,MI,1,Michigan
ROWBOT SYSTEMS LLC,MN,2,Minnesota
ROWLAND ROBERT REEVES,CA,1,California
RSTREAM RECYCLING INC,MA,1,Massachusetts
RSTREAM RECYCLING LLC,MA,1,Massachusetts
RT MICRODX INC.,MA,1,Massachusetts
"RUBI LABORATORIES, LLC",CA,2,California
RUNESTONE ACADEMY LTD,WI,2,Wisconsin
RUSH RIVER RESEARCH CORPORATION,WI,1,Wisconsin
RUSH UNIVERSITY MEDICAL CENTER,IL,2,Illinois
RUSHNU INC,CA,1,California
"RUTGERS, THE STATE UNIVERSITY OF NEW JERSEY",NJ,8,New Jersey
"RYP LABS, INC.",WA,2,Washington
Radford University,VA,3,Virginia
"Raksit, Arpon",CA,1,California
"Raman, Sidhanth",CA,1,California
Ramapo College of New Jersey,NJ,6,New Jersey
"Ramey, Michelle M",AR,1,Arkansas
"Ramirez, Melissa",CA,1,California
"Ramirez-Corona, Bryan A",WA,1,Washington
"Ramos, Evan J",TX,1,Texas
Rancho Santa Ana Botanic Garden,CA,3,California
Rancho Santiago Community College District,CA,1,California
Rand Corporation,CA,21,California
Randolph College,VA,1,Virginia
Randolph-Macon College,VA,6,Virginia
"Rasmussen, Alexander James",UT,1,Utah
"Rathje, Steve",OR,1,Oregon
"Ray, Allyson",TN,1,Tennessee
"Ray, Courtenay A",WY,1,Wyoming
"Raydiant Oximetry, Inc",CA,1,California
"Read, Andrew C",MN,1,Minnesota
"Reatini, Bryan",NC,1,North Carolina
Rebel Research LLC,CA,1,California
"Recart Gonzalez, Wilnelia",CA,1,California
Red Balloon Security Inc,NY,1,New York
Red Lake Nation College,MN,4,Minnesota
Redlands Community College,OK,1,Oklahoma
Reed College,OR,21,Oregon
"Reed, Miles",WI,1,Wisconsin
"Reeves, Lily",NY,1,New York
RegenX LLC,NH,1,New Hampshire
Regents of the University of Idaho,ID,104,Idaho
Regents of the University of Michigan - Ann Arbor,MI,1096,Michigan
Regents of the University of Michigan - Dearborn,MI,43,Michigan
Regents of the University of Michigan - Flint,MI,15,Michigan
Regis College,MA,1,Massachusetts
Regis University,CO,4,Colorado
Rehabilitation Institute of Chicago,IL,2,Illinois
Reinhardt College,GA,1,Georgia
"Reiter, Taylor E",OR,1,Oregon
Rejoule Incorporated,CA,1,California
"Relavo, Inc",NY,2,New York
"Rendon Garcia, Sarah A",MA,1,Massachusetts
Rensselaer Polytechnic Institute,NY,150,New York
Renton Technical College,WA,1,Washington
"Repela Tech, LLC",MI,1,Michigan
Research Corporation for Science Advancement,AZ,2,Arizona
Research Foundation CUNY - Advanced Science Research Center,NY,25,New York
Research Foundation For Mental Hygiene Inc,NY,1,New York
Research Foundation Of The City University Of New York (Lehman),NY,9,New York
Research Foundation d/b/a Stella & Charles Community College,NY,1,New York
Research Foundation of the City University of New York,NY,5,New York
Research Foundation of the State University of New York,NY,7,New York
Research Triangle Institute,NC,5,North Carolina
"Respira Labs, Inc.",CA,1,California
Resuture Inc.,AZ,2,Arizona
Retinal Registry,CA,1,California
Reuben H. Fleet Science Center,CA,1,California
"Reuter, Dana Marie",OR,1,Oregon
"Reyes, Justin",FL,1,Florida
"Reyes-Rivera, Josean",CA,1,California
"Rezchikov, Semen Kirillovich",NY,1,New York
Rhode Island Hospital,RI,1,Rhode Island
Rhode Island School of Design,RI,4,Rhode Island
Rhodes College,TN,9,Tennessee
"Rhodium Scientific, LLC",TX,1,Texas
"Richards, Jeannine Hyde",WI,1,Wisconsin
Richers                 Sherwood       A,CA,1,California
"Riches, Mary Jean",CO,1,Colorado
"Riddell, Jill",WV,1,West Virginia
Rider University,NJ,4,New Jersey
Rio Hondo College,CA,3,California
Ripon College,WI,2,Wisconsin
"Ritter, Eleanore Jeanne",GA,1,Georgia
River Parishes Community College,LA,1,Louisiana
"Rivera Cruz, Kevin Enrique",MI,1,Michigan
"Rivera-Rios, Jean C",GA,1,Georgia
"Rivers, Michelle L",OH,1,Ohio
Riverside Community College District,CA,1,California
Riverside Community College District/Moreno Valley Campus,CA,2,California
Riverside Community College District/Norco Campus,CA,1,California
Riverside Community College District/Riverside City College,CA,4,California
"RoadPrintz, Inc.",OH,2,Ohio
Roane State Community College,TN,1,Tennessee
Roanoke College,VA,1,Virginia
Robert Morris University,PA,1,Pennsylvania
"Roberts, Miles David",MI,1,Michigan
Robeson Community College,NC,1,North Carolina
"Robichaux, Colleen E",CA,1,California
"Robotis, Antonios-Alexan",NY,1,New York
Rochal Industries LLC,TX,1,Texas
Rochester Institute of Tech,NY,199,New York
Rockefeller University,NY,4,New York
RocketML Inc,OR,1,Oregon
Rockhurst University,MO,2,Missouri
Rocky Mountain Biological Laboratory,CO,11,Colorado
Rocky Mountain Institute,CO,1,Colorado
"Rodriguez-Casariego, Javier A",FL,1,Florida
"Rodriguez-Santiago, Mariana",TX,1,Texas
Roger Williams University,RI,6,Rhode Island
"Rohwer, Robin Rebecca",WI,1,Wisconsin
Rollins College,FL,3,Florida
"Roman, Angel R",VA,1,Virginia
Ronin Institute for Independent Scholarship Incorporated,NJ,5,New Jersey
RooSense LLC,OH,1,Ohio
Roosevelt University,IL,2,Illinois
"Rork, Adam M",PA,1,Pennsylvania
"Rosa Raices, Jorge Luis",CA,1,California
"Rosales, Detbra",MD,1,Maryland
Rose State College,OK,1,Oklahoma
Rose-Hulman Institute of Technology,IN,6,Indiana
"Rosen, Anna L",MA,1,Massachusetts
"Ross, Catherine Haggard",TX,1,Texas
"Roswell Park Cancer Institute, Division of Health Research, Inc",NY,1,New York
"Roth, Jamila",FL,1,Florida
RotoYe LLC,GA,1,Georgia
Rowan College of Burlington County,NJ,1,New Jersey
Rowan College of South Jersey -- Cumberland Campus,NJ,1,New Jersey
Rowan University,NJ,99,New Jersey
Rowan University School of Osteopathic Medicine,NJ,1,New Jersey
Rowe                    Amanda         K,WA,1,Washington
"Rozo-Lopez, Paula C",TN,1,Tennessee
"Rubin, Juliette",FL,1,Florida
"Ruffley, Megan R",CA,1,California
"Ruggeri, Maria",CA,1,California
"Rummel, Andrea",RI,1,Rhode Island
"Russell, Joshua B",NY,1,New York
"Russell-Madonia, Jacob",TX,1,Texas
Rust College,MS,1,Mississippi
Rutgers University Camden,NJ,25,New Jersey
Rutgers University New Brunswick,NJ,472,New Jersey
Rutgers University Newark,NJ,67,New Jersey
"Rutgers, The State University of New Jersey",NJ,1,New Jersey
"Rutgers, The State University of New Jersey-RBHS-New Jersey Med",NJ,1,New Jersey
"Rutgers, The State University of New Jersey-RBHS-Robert Wood",NJ,3,New Jersey
"Rutkowski, Danielle",CA,1,California
"Ruttenberg, Dee",NJ,1,New Jersey
"Ryan, Amy Grace",CA,1,California
"Rybarczyk, Daniel R",WI,1,Wisconsin
"Rydberg Technologies, Inc.",MI,1,Michigan
S2A TECHNOLOGIES LLC,MI,2,Michigan
S4 MOBILE LABORATORIES LLC,OH,1,Ohio
"SABER THERAPEUTICS, INC.",AR,1,Arkansas
SAFEBIOSENSE LLC,TX,1,Texas
SAFEBVM CORP.,MA,2,Massachusetts
SAFERDRIVE AI LLC,MI,1,Michigan
"SAKURA SOFTWARE SOLUTIONS, LLC",IL,1,Illinois
"SALIENT PREDICTIONS, INC.",MA,1,Massachusetts
SALUS FINANCIAL TECHNOLOGY INC.,NC,1,North Carolina
"SAMARA AEROSPACE, INC.",CA,1,California
SAMSAT,TX,1,Texas
SAN DIEGO COMMUNITY COLLEGE DISTRICT,CA,3,California
"SANGALI, INC.",LA,1,Louisiana
SANGTERA INC,MA,2,Massachusetts
SANITARY GREEN INCORPORATED,OR,2,Oregon
SANTA CLARA COUNTY OFFICE OF EDUCATION,CA,1,California
"SANTA FE QUANTUM SOLUTIONS, INC.",NM,1,New Mexico
"SAPHTX, INC.",NJ,1,New Jersey
SARKAR-KLEIN-LABS,CO,1,Colorado
SAVIMBO INC.,CA,1,California
"SCALAR MAGNETICS, LLC",MD,1,Maryland
SCDEVICE LLC,OR,1,Oregon
"SCHNACKEL ENGINEERS, INC",NE,1,Nebraska
SCINTILLATION NANOTECHNOLOGIES LLC,AZ,1,Arizona
SCORPIDO PHOTONICS,CA,1,California
"SCREEN360.TV, INC.",OR,1,Oregon
SCRIPT BIOSCIENCES INC,PA,1,Pennsylvania
"SEA-GAL TECHNOLOGIES, INC.",PA,1,Pennsylvania
SEABIRD LIFESCIENCES LLC,MA,1,Massachusetts
"SEACOAST SCIENCE, INC",CA,1,California
SEAFLIGHT TECHNOLOGIES INC,CA,1,California
SEARS SCIENTIFIC CONSULTING LLC,OR,1,Oregon
"SEASATELLITES, INC.",CA,1,California
"SEASPIRE, INC.",MA,1,Massachusetts
SECURESEMI CORPORATION,CA,1,California
SECUTOPIA CORPORATION,NJ,1,New Jersey
"SEETRUE TECHNOLOGY, LLC",MD,1,Maryland
"SEGMEDIX, CO.",NY,1,New York
SEIA BIO INC,MA,1,Massachusetts
"SELIGHT, LLC",WI,1,Wisconsin
"SEMEN AND EMBRYO ADVANCED REPRODUCTIVE TECHNOLOGIES (SMART), LLC",AR,1,Arkansas
"SEMERGYTECH, INC.",TX,2,Texas
"SEMIOTIC AI, INC.",CA,1,California
"SENOGUARD, INC.",CA,2,California
SENSATE ROBOTICS INC.,CA,1,California
SENSEER HEALTH INC.,CA,1,California
SENSIBLE WEATHER CO,CA,1,California
SENSVITA INC.,NY,1,New York
"SENTEC, LLC",SC,1,South Carolina
"SENTIOMED, INC.",UT,1,Utah
"SENTIRE MEDICAL SYSTEMS, INC.",FL,3,Florida
SEQUEGENICS LLC,GA,1,Georgia
SEQUITUR HEALTH CORP,AZ,1,Arizona
SETI Institute,CA,12,California
"SEVEN BIOSCIENCES, INC.",CA,1,California
SGNT INC,AZ,1,Arizona
SHAKOPEE MDEWAKANTON SIOUX COMMUNITY,MN,1,Minnesota
SHAMRCK SOCIAL IMPACT CORP,GA,1,Georgia
SHARON WASHINGTON,TX,1,Texas
SHELL MUSEUM EDUCATIONAL FOUNDATION,FL,1,Florida
SHERO LLC,UT,1,Utah
"SHROOM-E CO., LLC",SC,1,South Carolina
"SHUMLA SCHOOL INC, THE",TX,1,Texas
SIENA UNIVERSITY,NY,6,New York
SIEV TECHNOLOGIES LLC,AR,1,Arkansas
SIGN-SPEAK Inc,NY,2,New York
"SIGNAL PROCESSING TECHNOLOGIES, INC.",NH,1,New Hampshire
SIGNAL-WISE LLC,MI,1,Michigan
SILARTEK LLC,MA,1,Massachusetts
SILICON ASSURANCE LLC,FL,2,Florida
"SILICON DYNAMIX, INC.",TX,2,Texas
"SILIVHERE TECHNOLOGIES, INC.",VA,1,Virginia
"SILPARA TECHNOLOGIES, LLC",GA,1,Georgia
"SILVEC BIOLOGICS, INC.",MD,2,Maryland
SIMMBION LLC,MD,2,Maryland
SIMPACT CO.,CO,1,Colorado
SIMPLYBREATHE L.L.C.,LA,1,Louisiana
"SIMPLYVITAL HEALTH, INC.",MA,1,Massachusetts
SINGLE CRYSTAL DIAMOND INC,MA,1,Massachusetts
SINGLETO2 THERAPEUTICS LLC,NJ,1,New Jersey
"SINGULARITY ENERGY, INC.",MA,2,Massachusetts
SIRENOPT INC,CA,1,California
SITKA SOUND SCIENCE CENTER INC,AK,7,Alaska
SITKANA INC,AK,1,Alaska
"SITRATION, INC.",MA,1,Massachusetts
"SIXLINE SEMICONDUCTOR, INC.",WI,1,Wisconsin
SKILLSGAPP LLC,SC,1,South Carolina
"SKIP TECHNOLOGY, INC.",OR,2,Oregon
SKROOT LABORATORY INC.,IA,1,Iowa
"SKUCHAIN, INC.",CA,1,California
"SKYGIG, LLC",CA,3,California
"SKYHAVEN SYSTEMS, LLC",CO,1,Colorado
SKYWALK INC.,CA,1,California
"SLD PHOTONICS, LLC",WY,1,Wyoming
"SLUICEBOX, INC.",TX,1,Texas
"SMART FLIP, INC.",FL,1,Florida
SMART GIRLS HQ LLC,NC,2,North Carolina
SMART HEAT CORP,IL,1,Illinois
SMART PAD LLC,NY,1,New York
SMARTCHARTS INC.,IL,1,Illinois
SNOCHIP INC,NJ,1,New Jersey
SOAR ANALYTICS LLC,PA,1,Pennsylvania
"SOARCE, INC.",FL,1,Florida
SOCIEDAD LATINA INC,MA,1,Massachusetts
SOCIETY FOR THE ADVANCEMENT OF BIOLOGY EDUCATION RESEARCH (SABER,CA,1,California
"SOCTERA, INC.",NY,2,New York
SOFI TEC LLC,LA,1,Louisiana
"SOFTHREAD, INC.",MD,2,Maryland
SOILSERDEM LLC,IA,2,Iowa
"SOL ROBOTICS, INC.",CA,1,California
"SOLARID AR, LLC.",AR,2,Arkansas
"SOLESTIAL, INC.",AZ,1,Arizona
SOLIDEC INC.,TX,1,Texas
SOLIOME LLC,CA,2,California
"SOLIYARN, LLC",MA,1,Massachusetts
SOLOPULSE CORP.,GA,1,Georgia
"SOLVE TECHNOLOGY AND RESEARCH, INC.",FL,1,Florida
SOLVUS GLOBAL LLC,MA,1,Massachusetts
SONATA SCIENTIFIC LLC,CT,1,Connecticut
SONIX MEDICAL DEVICES INC.,GA,1,Georgia
"SONOGEN MEDICAL, INC.",MD,1,Maryland
"SONOVANCE, INC.",MD,1,Maryland
"SONOVOICE, INC.",NC,1,North Carolina
SORCERER CORPORATION,CA,1,California
SOSTENTO INC.,NJ,1,New Jersey
SOSTOS LLC,WV,3,West Virginia
SOUTH BEND WOODWORKS LLC,IN,1,Indiana
SOUTH KITSAP SCHOOL DISTRICT #402,WA,1,Washington
SOUTHERN CALIFORNIA TRIBAL CHAIRMENS ASSOCIATION,CA,1,California
"SOUTHERN CENTER FOR ENVIRONMENTAL JUSTICE INC., DEEP SOUTH CENTE",LA,2,Louisiana
SOUVIE BIODELIVERY LLC,AZ,1,Arizona
SOVE INC.,OH,1,Ohio
"SOWN TO GROW, INC.",CA,2,California
SPACE DOMAIN AWARENESS INC.,FL,1,Florida
SPACE KINETIC CORP.,NM,1,New Mexico
SPACE SCIENCE INSTITUTE,CO,23,Colorado
SPACE TANGO LLC,KY,1,Kentucky
"SPACERAKE, INC.",MA,1,Massachusetts
SPADXTECH LLC,MA,2,Massachusetts
SPATIAL SURGICAL LLC,MA,1,Massachusetts
"SPATIO METRICS, INC.",MA,1,Massachusetts
"SPEARSTONE SOLUTIONS, LLC",AL,1,Alabama
"SPECTACULAR LABS, INC.",CA,1,California
SPEKCITON BIOSCIENCES LLC,DE,1,Delaware
SPERRY MEDTECH INC.,VT,1,Vermont
"SPHEROFILL, LLC",SC,1,South Carolina
"SPINEX, INC.",CA,1,California
SPIRA INC,VA,1,Virginia
SPIRO THERAPEUTICS LLC,IN,1,Indiana
SRI International,CA,35,California
STARDUST LABS INC.,NJ,1,New Jersey
STARGAZER DESIGN TECHNOLOGIES INC,NH,1,New Hampshire
STARK STREET MATERIALS COMPANY,OR,2,Oregon
"STARLING MEDICAL, INC.",TX,1,Texas
STARNAV LLC,CA,2,California
"START International, Inc.",CO,4,Colorado
"STEADI SYSTEMS, LLC",CO,1,Colorado
"STEAM INSTRUMENTS, INC.",WI,2,Wisconsin
"STEC TECHNOLOGY, INC.",RI,1,Rhode Island
STEG AI CORPORATION,CA,2,California
STELLAR ENGIINE,CA,1,California
STELLATE DNA LLC,MA,1,Massachusetts
STEM NEXT OPPORTUNITY FUND,CA,1,California
STEM RESOURCES LLC,AR,1,Arkansas
"STEMEd, LLC",CA,1,California
"STEMLOOP, INC.",IL,1,Illinois
STERILE GEEKS VR INC,FL,1,Florida
STL SCIENTIFIC LLC,CA,1,California
"STOKE SPACE TECHNOLOGIES, INC.",WA,2,Washington
"STORX TECHNOLOGIES, INC.",CA,2,California
"STRANGE DEVELOPMENT, INC.",MI,1,Michigan
STRATAJAM LLC,TX,1,Texas
STRIVISION LLC,CO,1,Colorado
STUDENT RESEARCH & DEVELOPMENT,WA,1,Washington
STYLOSONIC LLC,CA,1,California
SUBMARINE SCIENTIFIC LLC,CA,1,California
"SUBSEA DATA SYSTEMS, INC.",FL,1,Florida
"SUBSEASAIL, INC",CA,1,California
"SUBTIDAL, INC.",MA,1,Massachusetts
SUBTLE TECHNOLOGY LLC,VA,1,Virginia
SUBUAS LLC,NJ,1,New Jersey
"SUFFICIENTLY ADVANCED, INC.",CA,1,California
SUMAQ LIFE LLC,MI,1,Michigan
SUMMARY ANALYTICS INC.,WA,1,Washington
SUNAIRIO INC.,MD,1,Maryland
SUNCHEM LLC,CA,1,California
"SUNESTA SOLAR, INC.",AZ,1,Arizona
"SUNFLY BRANDS, INC.",WA,2,Washington
"SUNTHETICS, INC.",TX,2,Texas
SUNY Adirondack,NY,1,New York
SUNY CANTON,NY,1,New York
SUNY College at Brockport,NY,8,New York
SUNY College at Buffalo,NY,2,New York
SUNY College at Cortland,NY,2,New York
SUNY College at Fredonia,NY,2,New York
SUNY College at Geneseo,NY,10,New York
SUNY College at New Paltz,NY,3,New York
SUNY College at Old Westbury,NY,10,New York
SUNY College at Oneonta,NY,3,New York
SUNY College at Oswego,NY,14,New York
SUNY College at Plattsburgh,NY,1,New York
SUNY College at Potsdam,NY,5,New York
SUNY College at Purchase,NY,2,New York
SUNY College of Environmental Science and Forestry,NY,34,New York
SUNY College of Technology Alfred,NY,1,New York
SUNY College of Technology Farmingdale,NY,2,New York
SUNY Empire State College,NY,1,New York
SUNY Onondaga Community College,NY,5,New York
SUNY Polytechnic Institute,NY,15,New York
SUNY System Administration,NY,1,New York
SUNY at Albany,NY,122,New York
SUNY at Binghamton,NY,154,New York
SUNY at Buffalo,NY,327,New York
SUNY at Stony Brook,NY,351,New York
"SUNY, Upstate Medical University",NY,2,New York
SUPER.TECH LABS INC.,IL,1,Illinois
SUPERBLOOM DESIGN,NY,1,New York
"SUPERCLEAN GLASS, INC.",NY,2,New York
SUPERIOR NANO LLC,MN,2,Minnesota
"SUPERIOR STATISTICAL RESEARCH, LLC",IA,1,Iowa
SUPERMEM INC.,CA,1,California
SUPREMETRIC LLC,NY,2,New York
"SURGEPOWER MATERIALS, INC.",TX,1,Texas
"SURGIC, LLC",TX,1,Texas
"SURGICAL VISION SYSTEMS, INC.",MD,1,Maryland
SURGIVANCE INC.,NY,1,New York
SUSMAX LLC,PA,2,Pennsylvania
SUSTAINABLE MANUFACTURING INNOVATION ALLIANCE CORP.,NY,3,New York
SUSTEON INC.,NC,1,North Carolina
SWAY INNOVATION CO.,CA,1,California
"SYGNAMAP, INC.",TX,1,Texas
SYNAPTEK LLC,KY,1,Kentucky
"SYNC, INC.",AL,1,Alabama
"SYNSORYBIO, INC.",MA,1,Massachusetts
"SYNTHETIC VECTOR DESIGNS, LLC",MO,1,Missouri
SYNTOPA INC.,CA,1,California
SYZYGY OPTICS LLC,NC,1,North Carolina
Sacred Heart University,CT,6,Connecticut
Saddleback College,CA,1,California
"SageFox Consulting Group, LLC",MA,6,Massachusetts
Saginaw Chippewa Tribal College,MI,1,Michigan
"Sahi, Razia S",NJ,1,New Jersey
Saint Augustine's College,NC,6,North Carolina
Saint Bonaventure University,NY,3,New York
Saint Edward's University,TX,3,Texas
Saint Francis University,PA,1,Pennsylvania
Saint John's University,NY,16,New York
Saint Joseph's College,ME,3,Maine
Saint Lawrence University,NY,4,New York
"Saint Leo University, Inc.",FL,1,Florida
Saint Louis University,MO,50,Missouri
Saint Martin's University,WA,2,Washington
Saint Mary's College of California,CA,9,California
Saint Mary's University of Minnesota,MN,2,Minnesota
Saint Michael's College,VT,2,Vermont
Saint Olaf College,MN,8,Minnesota
Saint Paul College-A community & Technical College,MN,1,Minnesota
Saint Vincent College,PA,3,Pennsylvania
"Saldivar, Jolene Antonette",CA,1,California
"Saleh, Nicholas William",CA,1,California
Salem State University,MA,2,Massachusetts
Salisbury University,MD,6,Maryland
Salish Kootenai College,MT,9,Montana
Salt Lake Community College,UT,5,Utah
"Salter, Jessie Frances",CA,1,California
Salve Regina University,RI,2,Rhode Island
Sam Houston State University,TX,17,Texas
Samford University,AL,2,Alabama
"Samuel, Jenna",CA,1,California
San Antonio College,TX,1,Texas
San Diego Society of Natural History,CA,3,California
San Diego State University Foundation,CA,153,California
San Francisco State University,CA,65,California
San Jacinto College District,TX,5,Texas
San Joaquin Delta College,CA,1,California
San Jose State University Foundation,CA,82,California
San Mateo County Community College District,CA,5,California
"Sanchez Lievanos, Karla Rosalia",NY,1,New York
"Sanchez, Andre",CA,1,California
"Sanchez, Anthony",WA,1,Washington
"Sanchez, Joshua J",WA,1,Washington
"Sanchez, Mario",CA,1,California
"Sanchez, Natalie Nicole",WA,1,Washington
"Sanchez, Vanessa",MA,1,Massachusetts
SandBox Semiconductor Incorporated,TX,1,Texas
"Sandoval-Powers, Megan A",OR,1,Oregon
"Sandstedt, Gabrielle D",UT,1,Utah
Sanford Research/USD,ND,1,North Dakota
"Sangiovanni Vincentelli, Marco Antonio",NJ,1,New Jersey
Santa Barbara Museum of Natural History,CA,1,California
Santa Clara University,CA,38,California
Santa Fe College,FL,1,Florida
Santa Fe Community College,NM,2,New Mexico
Santa Fe Institute,NM,22,New Mexico
Santa Monica College,CA,2,California
Santiago Canyon College,CA,1,California
"Santiago, Ty J",CT,1,Connecticut
"Santiago-Rosario, Luis Y",LA,1,Louisiana
Sarah Lawrence College,NY,1,New York
"Sarro, Erica",WA,1,Washington
Sassafras Tech Collective,MI,1,Michigan
"Sasya, LLC",MN,1,Minnesota
"Satterlee, James W",NY,1,New York
"Sauer, Jason Robert",AZ,1,Arizona
Savage Medical Inc.,CA,2,California
Savannah State University,GA,7,Georgia
"Scarpetta, Simon G",TX,1,Texas
"Schafran, Peter W",NY,1,New York
"Schiller, Christopher M",MT,1,Montana
"Schiller, Lauren Kelly",NJ,1,New Jersey
"Schmidt, Steven E",CA,1,California
"Schneider, Joshua L",PA,1,Pennsylvania
"Schneider, Ryan",CA,1,California
"Schock, Nolan Jeffry",IL,1,Illinois
School Board of Broward County Florida,FL,2,Florida
School for American Research,NM,1,New Mexico
"Schulberg, Sara",CA,1,California
"Schulz, Aimee J",NY,1,New York
"Schumacher, Kristen",IL,1,Illinois
"Science Communication Lab, Inc.",CA,2,California
Science Education Solutions Inc,NM,2,New Mexico
Science Museum of Minnesota,MN,10,Minnesota
Sciencenter,NY,1,New York
Scientific Committee on Oceanic Research (SCOR),DE,4,Delaware
"Sclafani, Judith A",IL,1,Illinois
"Scott, Reum",NY,1,New York
Scripps College,CA,10,California
Sea Education Association,MA,3,Massachusetts
Sea Research Foundation,CT,2,Connecticut
Sealaska Heritage Institute,AK,3,Alaska
Search Technology Inc,GA,1,Georgia
"Sears, Caitlyn",NY,1,New York
Seattle Children's Hospital,WA,3,Washington
Seattle Community College District Office,WA,4,Washington
Seattle Pacific University,WA,2,Washington
Seattle University,WA,17,Washington
Secure Food Solutions,TN,1,Tennessee
"Seelinger, George H",MI,1,Michigan
"Seligman, Darryl Zachary",NY,1,New York
Seminole State College of Florida,FL,1,Florida
"Senger, Andrew",MA,1,Massachusetts
SensIT Ventures Inc,CA,1,California
Sentinel Environmental Group LLC,TX,1,Texas
"Sequoia Scientific, Inc.",WA,1,Washington
"Serinus Labs, Inc.",CA,1,California
Sesame Workshop,NY,1,New York
Seton Hall University,NJ,3,New Jersey
Seton Hill University,PA,1,Pennsylvania
"Setton, Emily Victoria Whitney",WI,1,Wisconsin
"Seyler, Caroline Elizabeth",TX,1,Texas
"Seymour, Nikki M",CO,1,Colorado
"Shaddox, Heather R",CA,1,California
"Shah, Shailee",NY,1,New York
"Shaheen, Samuel",PA,1,Pennsylvania
"Shamloo, Hannah I",AZ,1,Arizona
"Sharo, Andrew George",CA,1,California
"Shaughnessy, Ciaran A",CO,1,Colorado
Shaw University,NC,3,North Carolina
Shawnee State University,OH,1,Ohio
Sheehan                 Patrick        D,IL,1,Illinois
"Sheffer, Monica M",WA,1,Washington
"Sheikh, Sofia Zara",CA,1,California
"Shek, Katherine L",OR,1,Oregon
"Shenfeld, Yair",NJ,1,New Jersey
Shepherd University,WV,3,West Virginia
"Sherman, Brynn E",CT,1,Connecticut
"Sherman-Bennett, Melissa U",CA,1,California
"Sherpa, Sonam Futi",VA,1,Virginia
"Shin, Tobias",NY,1,New York
"Shinevar, William J",MA,1,Massachusetts
"Shipley, Benjamin R",GA,1,Georgia
"Shipp, Nora Rose Nedde",MA,1,Massachusetts
Shippensburg University of Pennsylvania,PA,2,Pennsylvania
"Shoemaker, William Randolph",IN,1,Indiana
"Shogren, Elsie H",KS,1,Kansas
Shoreline Community College,WA,2,Washington
"Short, Aidan William",OR,1,Oregon
"Short, Rachel A",TX,1,Texas
"Shropshire, John Dylan",MT,1,Montana
Siena Heights University,MI,1,Michigan
Sierra Streams Institute,CA,1,California
"Silver-Gorges, Ian Michael",FL,1,Florida
Silverside Detectors Inc.,MA,1,Massachusetts
Silvis Materials,CO,2,Colorado
Simmons University,MA,4,Massachusetts
Simon                   Joseph,WI,1,Wisconsin
Simon's Rock of Bard College,MA,3,Massachusetts
"Simonis, Molly C",OH,1,Ohio
"Simonitis, Lauren Eve",TX,1,Texas
Simpson College,IA,1,Iowa
"Simpson, Austyn",IL,1,Illinois
"Sims, Melissa",MD,1,Maryland
Sinclair Community College,OH,10,Ohio
Sinovia Technologies,CA,1,California
"Sisk, Lucinda M",CT,1,Connecticut
Sisseton Wahpeton Community College,SD,5,South Dakota
Sitka Tribe of Alaska,AK,1,Alaska
Sitting Bull College,ND,5,North Dakota
Skagit Valley College,WA,1,Washington
Skidmore College,NY,12,New York
"Skoog, Emilie",CA,1,California
SkyNano LLC,TN,1,Tennessee
Slippery Rock University of Pennsylvania,PA,2,Pennsylvania
Sloan Kettering Institute For Cancer Research,NY,3,New York
SmartBot360,CA,1,California
Smith College,MA,34,Massachusetts
"Smith, Alexander D",MA,1,Massachusetts
"Smith, Gordon P",AZ,1,Arizona
"Smith, Jason D",MI,1,Michigan
"Smith, Megan",OH,1,Ohio
"Smith, Sierra N",OK,1,Oklahoma
"Smith-Vidaurre, Grace",NM,1,New Mexico
Smithsonian Institution Astrophysical Observatory,MA,26,Massachusetts
"Smyth, Jane E",NJ,1,New Jersey
"Snead, Anthony Andrew",AL,1,Alabama
"Snodgrass, Samantha",IA,1,Iowa
Snow College,UT,1,Utah
"Snyder, Elise Delaney",IN,1,Indiana
Social Science Research Council,NY,3,New York
Society For Developmental Biol,MD,1,Maryland
Society For Industrial and Applied Math (SIAM),PA,5,Pennsylvania
Society for Advancement of Chicanos & Native Americans in Sci,CA,2,California
Society for In Vitro Biology,MD,2,Maryland
Society for Personality and Social Psychology,VA,4,Virginia
Society for Social Studies of Science,LA,1,Louisiana
Society of Manufacturing Engineers,MI,1,Michigan
Society of Sedimentary Geology SEPM,TX,1,Texas
Society of Wetland Scientists,WI,1,Wisconsin
Society of Women Engineers,IL,2,Illinois
"Soil Culture Solutions, LLC",FL,1,Florida
Soka University of America,CA,1,California
SolMem LLC,TX,1,Texas
Solsona Enterprise LLC,CA,1,California
Sonoma State University,CA,11,California
"Sorouri, Bahareh",CA,1,California
South Carolina State University,SC,4,South Carolina
South Central College,MN,2,Minnesota
South Dakota Board of Regents,SD,2,South Dakota
South Dakota School of Mines and Technology,SD,62,South Dakota
South Dakota State University,SD,63,South Dakota
South Florida State College,FL,3,Florida
South Plains College,TX,1,Texas
South Texas College,TX,2,Texas
Southeast Community College,NE,3,Nebraska
Southeast Missouri State University,MO,4,Missouri
Southeastern Community College,NC,1,North Carolina
Southeastern Community College Burlington,IA,1,Iowa
Southeastern Louisiana University,LA,6,Louisiana
Southern Adventist University,TN,1,Tennessee
Southern Arkansas University Main Campus,AR,1,Arkansas
Southern Connecticut State University,CT,6,Connecticut
Southern Illinois University at Carbondale,IL,44,Illinois
Southern Illinois University at Edwardsville,IL,13,Illinois
Southern Methodist University,TX,94,Texas
Southern Oregon University,OR,5,Oregon
Southern University,LA,19,Louisiana
Southern University New Orleans,LA,2,Louisiana
Southern University at Shreveport,LA,2,Louisiana
Southern Utah University,UT,8,Utah
Southern West Virginia Community College,WV,1,West Virginia
Southside Virginia Community College,VA,1,Virginia
Southwest Research Institute,TX,11,Texas
Southwestern College,CA,4,California
Southwestern Indian Polytechnic Institute,NM,1,New Mexico
Southwestern University,TX,3,Texas
Space Balloon Technologies Corp.,FL,2,Florida
"Sparks, Morgan",IN,1,Indiana
Spartanburg Community College,SC,3,South Carolina
Spaulding Rehabilitation Hospital,MA,1,Massachusetts
Spectral Sciences Inc,MA,1,Massachusetts
Spelman College,GA,23,Georgia
"Spiegel, Daniel David",CO,1,Colorado
"Spiro, Sam",CA,1,California
"Spitler, Ryan",TX,1,Texas
Spring Hill College,AL,2,Alabama
"SpringGem Weather Information, LLC",MD,1,Maryland
"St Dizier, Avery",NY,1,New York
"St John, Michelle E",CA,1,California
St Joseph's University,PA,3,Pennsylvania
St Jude Children's Research Hospital,TN,5,Tennessee
St Mary's College,IN,2,Indiana
St Mary's College of Maryland,MD,11,Maryland
St Mary's University San Antonio,TX,10,Texas
St Peter's University,NJ,2,New Jersey
St. Catherine University,MN,4,Minnesota
St. Charles Community College,MO,2,Missouri
St. Cloud State University,MN,2,Minnesota
St. Cloud Technical College,MN,1,Minnesota
St. John Fisher College,NY,2,New York
St. Norbert College,WI,3,Wisconsin
St. Petersburg College,FL,3,Florida
"StabiLux Biosciences, Inc",MI,1,Michigan
"Stackhouse, Chavis A",NY,1,New York
"Stager, Maria",SC,1,South Carolina
Stanford University,CA,513,California
"Stanley, Lauren Elizabeth",MI,1,Michigan
"Stansfield, Alyssa M",NY,1,New York
"Stanton, Lauren Ashely",CA,1,California
Stark State College of Technology,OH,3,Ohio
Startle Innovation LLC,NY,2,New York
State Fair Community College,MO,1,Missouri
"State Office of Education, Utah",UT,1,Utah
State University of New York College of Technology at Canton,NY,3,New York
"Steele, Margaret I",MO,1,Missouri
Steger                  Cara           E,CO,1,Colorado
"Steigerwald, Emma Cathleen",CA,1,California
"Stemo, Aaron",CO,1,Colorado
"Stepaniants, George",WA,1,Washington
Stephen F. Austin State University,TX,6,Texas
"Stern, Daniel",NJ,1,New Jersey
Stetson University,FL,6,Florida
Stevens Institute of Technology,NJ,142,New Jersey
"Stevens, Madison P",ID,1,Idaho
"Stevenson Engineering, LLC",CO,1,Colorado
Stevenson University,MD,1,Maryland
Stillman College,AL,3,Alabama
Stochastic Research Technologies LLC,IL,2,Illinois
Stockton University,NJ,5,New Jersey
"Stokes, McKenzie",NC,1,North Carolina
"Stoll, Marijke M",IL,1,Illinois
Stone Child College,MT,1,Montana
"Stone, Benjamin W",IN,1,Indiana
"Stone, Jessica",CA,1,California
"Storks, Levi",MO,1,Missouri
Stoy                    Kayla,GA,1,Georgia
"Strados Labs, Inc.",GA,2,Georgia
Strategic Energy Innovations,CA,1,California
"Stretch Med, inc.",TX,1,Texas
"Strickland, Lynette Renae",IL,1,Illinois
"Strobel, Sarah McKay",CA,1,California
Stroud Water Research Center,PA,5,Pennsylvania
"Stryker, Douglas John",NJ,1,New Jersey
Suffolk Community College,NY,5,New York
Suffolk University,MA,6,Massachusetts
Sugarcube Systems,OR,1,Oregon
"Suissa, Jacob S",MA,1,Massachusetts
"Sukhdeo, Raymond",CA,1,California
Sul Ross State University,TX,2,Texas
"Sullivan, Colleen E",AZ,1,Arizona
"Summers, Betsy Marie",NM,1,New Mexico
"Sumner, Brandon C",AZ,1,Arizona
SunDensity Inc.,MA,1,Massachusetts
Sunthru LLC,NY,2,New York
Supranational LLC,MA,2,Massachusetts
"SurfPlasma, Inc.",FL,2,Florida
Susquehanna University,PA,2,Pennsylvania
"Sussman, Ethan W",MA,1,Massachusetts
Sustainable Horizons Institute,CA,5,California
Sustainable Road Engineering Inc,FL,1,Florida
Suvlu                   Dylan          J,ME,1,Maine
"Swafford, Andrew JM",MA,1,Massachusetts
"Swaminathan, Ashvin Anand",NJ,1,New Jersey
"Swanson, Mark T",LA,1,Louisiana
Swarthmore College,PA,22,Pennsylvania
Sweet Briar College,VA,1,Virginia
"Sweeting, Brandon Scott",AL,1,Alabama
"Sweeting, Naomi",MA,1,Massachusetts
"Swentowsky, Kyle W",NY,1,New York
Swift Coat,AZ,1,Arizona
Swift Solar Inc.,CA,1,California
"Swift, Joel F",KS,1,Kansas
Swinomish Indian Tribal Community,WA,1,Washington
"Symbrosia, Inc.",HI,2,Hawaii
"SynMatter, LLC",FL,1,Florida
Synopic Inc.,TX,1,Texas
Synvivia,CA,1,California
Syracuse University,NY,206,New York
Systems Research and Consulting,MI,1,Michigan
Syzygy Plasmonics Inc,TX,1,Texas
"T-OMEGA WIND, INC.",MA,1,Massachusetts
"T33 DENTAL, INC.",MA,1,Massachusetts
"TACIT THERAPEUTICS, INC.",CA,1,California
TACTORUM INC.,NY,1,New York
"TAGORE TECHNOLOGY, INC.",IL,1,Illinois
TAILORED ALLOYS LLC,OH,1,Ohio
TAKA SOLAR CORPORATION,CA,1,California
TALK COACHES INC,TX,1,Texas
"TALUS BIOSCIENCE, INC.",WA,1,Washington
TANDA BIOTECH CORPORATION,IL,1,Illinois
TANGIBLE ROBOTICS INC,NY,1,New York
TARTAN LLC,CA,1,California
TATUM ROBOTICS LLC,MA,2,Massachusetts
TAU OPTICS INC.,FL,1,Florida
TAUMAT LLC,MD,2,Maryland
"TAURUS DIAGNOSTICS, INC",NY,1,New York
TCPoly,GA,2,Georgia
TD POLYMERS LLC,FL,1,Florida
TEALE ENGINEERING LLC,TX,1,Texas
"TEARDX, LLC",NY,1,New York
TECTARIA BIO LLC,NC,1,North Carolina
TEGA Therapeutics Inc,CA,1,California
"TEMPRIAN ONCOLOGY, INC.",IL,1,Illinois
"TENDER FOOD, INC",MA,2,Massachusetts
TENDO TECHNOLOGIES INC,NJ,2,New Jersey
TENVOS INC.,CA,1,California
TERASPATIAL INC,CA,1,California
TERC Inc,MA,30,Massachusetts
TERECIRCUITS CORPORATION,CA,2,California
"TERRA AI, INC",CA,1,California
"TERRA COVER, INC.",CO,1,Colorado
TERRA WATTS INC.,TN,1,Tennessee
"TERRAFERMA FOODS, INC.",CA,1,California
TERRAFORMA CARBON LLC,PA,1,Pennsylvania
"TERRAFUSE, INC.",CA,1,California
TERRAGIA BIOFUEL INC,NH,1,New Hampshire
"TERRAINWORKS, INC.",CA,1,California
TERRAN ROBOTICS INC.,IN,1,Indiana
"TERRY VENTURES, LLC",IL,1,Illinois
TEVERRA LLC,GA,1,Georgia
TEXAS A&M UNIVERSITY - VICTORIA,TX,2,Texas
TEXAS MICROSINTERING LLC,TX,1,Texas
TEXAS TECH UNIVERSITY HEALTH SCIENCES CENTER AT EL PASO,TX,1,Texas
TFWIRELESS INC.,MN,2,Minnesota
THE ALLEN INSTITUTE FOR ARTIFICIAL INTELLIGENCE,WA,4,Washington
THE INDUSTRIAL COMMONS,NC,1,North Carolina
THERACEA PHARMA LC,AZ,2,Arizona
"THERAFLUOR, INC.",OR,1,Oregon
THERAPEUTIC BANDAGE PRODUCTS LLC,CT,1,Connecticut
"THERMAQUIL, INC.",PA,1,Pennsylvania
"THERMOAI, INC.",VA,1,Virginia
THERMOCAP LABORATORIES INC,OR,2,Oregon
THEROMICS INC.,MA,2,Massachusetts
"THINK BIOSCIENCE, INC.",CO,2,Colorado
THINTRONICS INC,CA,1,California
THIOZEN INC.,CA,2,California
"THIRD FLOOR MATERIALS, INC.",NC,1,North Carolina
"THOMAS JEFFERSON FOUNDATION, INC.",VA,1,Virginia
"THRIVEE, INC.",NY,1,New York
TIAMI LLC,CA,1,California
TIBBAR PLASMA TECHNOLOGIES INC.,NM,1,New Mexico
TILE FARM LLC,NM,1,New Mexico
"TINKERCAST, LLC",NJ,1,New Jersey
"TINY CARGO COMPANY, THE",VA,1,Virginia
"TISSUEFORM, INC.",CO,1,Colorado
"TIWAZ TECHNOLOGIES, LLC",TX,1,Texas
"TJB MEDICAL, INC.",MN,1,Minnesota
TLC MILLIMETER WAVE PRODUCTS INC.,MN,1,Minnesota
TMT INTERNATIONAL OBSERVATORY LLC,CA,2,California
"TOP GRAIN TECHNOLOGIES, INC.",TX,1,Texas
"TOPOLIGHT, INC.",CA,1,California
TOPOS INSTITUTE,CA,1,California
"TORO BIO, INC.",CA,1,California
"TORRE SPACE AND POWER SYSTEMS, L.L.C.",AR,2,Arkansas
TOTAL ANALYSIS L.L.C.,MI,1,Michigan
"TOWARD A BETTER HUMANITY, LLC",PA,1,Pennsylvania
TPL LLC,MI,1,Michigan
"TQIntelligence, Inc.",GA,1,Georgia
TRANSCEND INC,NY,1,New York
TRANSPARENT PATH SPC,WA,1,Washington
TRANSPORT PHENOMENA TECHNOLOGIES,MA,1,Massachusetts
TRASH INC.,CA,1,California
"TRAVERA, INC.",MA,1,Massachusetts
"TRAXyL, Inc.",VA,1,Virginia
"TREECO, INC.",NC,1,North Carolina
TREES ROI LLC,VT,1,Vermont
TREESWIFT INC,PA,2,Pennsylvania
TRESTLE OPTICS LLC,CA,1,California
TREYSTA MEDICAL TECHNOLOGIES INC,FL,1,Florida
TRGel LLC,CA,1,California
TRIANGLE ENVIRONMENTAL HEALTH INITIATIVE LLC,NC,1,North Carolina
TRIC ROBOTICS LLC,CA,2,California
"TRINE UNIVERSITY, INC",IN,1,Indiana
TROPOSPHERE MONITORING INC.,TX,1,Texas
"TRUSPIN NANOMATERIAL INNOVATION, INC.",AL,2,Alabama
TRUSTEDAVWARE LLC,MI,1,Michigan
"TUMBLEHOME, INC.",MA,2,Massachusetts
TUNABOTICS LLC,NY,1,New York
TURBO POWER SEMICONDUCTOR INC.,TX,1,Texas
"TWO BEARS ENVIRONMENTAL CONSULTING, LLC",AK,2,Alaska
TYFAST ENERGY CORP.,CA,2,California
"Tabbaa, Manal",CA,1,California
"Takase, Alberto",CA,1,California
Talladega College,AL,1,Alabama
Tallahassee Community College,FL,1,Florida
Tangible Research Inc.,CA,1,California
"Tapanes, Elizabeth",CA,1,California
Tarleton State University,TX,5,Texas
Tarrant County College District,TX,1,Texas
"Tashjian, Sarah M",CA,1,California
"Taylor, Jeremy W",CA,1,California
"Teachers College, Columbia University",NY,17,New York
Teachers Development Group,OR,2,Oregon
"Technology Entrepreneur Center, Inc.",MO,1,Missouri
"Tellez, Krissie",CA,1,California
Temple University,PA,186,Pennsylvania
Tempo Therapeutics,CA,2,California
"Tenenbaum, Debora",NY,1,New York
Tennessee State University,TN,48,Tennessee
Tennessee Technological University,TN,48,Tennessee
Tennessee Wesleyan College,TN,1,Tennessee
Terra State Community College,OH,1,Ohio
Tethys Research LLC,ME,1,Maine
Texas A&M AgriLife Extension Service,TX,2,Texas
Texas A&M AgriLife Research,TX,42,Texas
Texas A&M Engineering Experiment Station,TX,372,Texas
Texas A&M International University,TX,10,Texas
Texas A&M Research Foundation,TX,2,Texas
Texas A&M University,TX,373,Texas
Texas A&M University - Central Texas,TX,3,Texas
Texas A&M University Corpus Christi,TX,57,Texas
Texas A&M University-Kingsville,TX,14,Texas
Texas A&M University-San Antonio,TX,17,Texas
Texas Asssociation of Developing Colleges,TX,1,Texas
Texas Christian University,TX,16,Texas
Texas College,TX,3,Texas
Texas Energy Poverty Research Institute,TX,1,Texas
Texas Lutheran University,TX,3,Texas
Texas Southern University,TX,12,Texas
Texas State Technical College,TX,1,Texas
Texas State University - San Marcos,TX,113,Texas
Texas Tech University,TX,192,Texas
Texas Tech University Health Science Center,TX,8,Texas
Texas Wesleyan University,TX,2,Texas
Texas Woman's University,TX,11,Texas
The Alexandria Archive Institute,CA,2,California
The Art Institute of Chicago,IL,1,Illinois
The Baton Rouge Area Foundation,LA,2,Louisiana
The Chicago School of Professional Psychology,IL,2,Illinois
The Children's Hospital of Philadelphia,PA,4,Pennsylvania
The College Board,NY,2,New York
The College of Idaho,ID,4,Idaho
The College of New Jersey,NJ,18,New Jersey
The Delaware Tribe,OK,1,Oklahoma
The Fab Foundation,MA,1,Massachusetts
The Forsyth Institute,MA,1,Massachusetts
The Foundation for Santa Barbara City College,CA,2,California
The Geochemical Society,VA,1,Virginia
"The Geological Society of America, Inc.",CO,8,Colorado
The HDF Group,IL,1,Illinois
The High Desert Museum,OR,1,Oregon
The Holden Arboretum,OH,1,Ohio
The J. David Gladstone Institutes,CA,3,California
The Learning Partnership,IL,6,Illinois
The Methodist Hospital Research Institute,TX,4,Texas
The National GEM Consortium,VA,3,Virginia
The New School,NY,6,New York
The New York City Foundation for Computer Science Education,NY,6,New York
The POGIL Project,PA,2,Pennsylvania
The Peregrine Fund,ID,1,Idaho
The Quilt,WA,6,Washington
The Research Institute at Nationwide Children's Hospital,OH,2,Ohio
The Salk Institute for Biological Studies,CA,7,California
The Scripps Research Institute,CA,17,California
The Texas A&M University System,TX,2,Texas
The Texas A&M University System HSC,TX,11,Texas
The Tor Project,NH,1,New Hampshire
"The University Corporation, Northridge",CA,69,California
The University of Central Florida Board of Trustees,FL,262,Florida
The University of Louisiana at Monroe,LA,2,Louisiana
The University of Montana-Western,MT,4,Montana
"The University of Tennessee, Memphis - The Health Science Center",TN,2,Tennessee
The University of Texas Health Science Center at Houston,TX,23,Texas
The University of Texas Health Science Center at Tyler,TX,1,Texas
The University of Texas Rio Grande Valley,TX,84,Texas
The Water Institute of the Gulf,LA,3,Louisiana
The Waynesburg University,PA,1,Pennsylvania
"Theion Agriculture, LLC",IA,1,Iowa
ThermoDynamic Films,NM,1,New Mexico
Thinking Robots Inc.,MA,1,Massachusetts
"Thoma, Eric Michael",NY,1,New York
Thomas Jefferson University,PA,4,Pennsylvania
"Thomas, Scott",OH,1,Ohio
"Thoms, David",IN,1,Indiana
"Thornton, Riley",CA,1,California
Three3,TN,1,Tennessee
ThruPore Technologies,DE,1,Delaware
ThruWave Inc.,WA,1,Washington
"Tian, David",CA,1,California
Tides Center,CA,2,California
Tidewater Community College,VA,1,Virginia
"Tingle, Jessica",CA,1,California
Tinsman                 Jen            C,CA,1,California
"Tiptek, LLC",PA,1,Pennsylvania
Tivey                   Trevor         R,OR,1,Oregon
Tohono O'odham Community College,AZ,1,Arizona
"Tollerson, Rodney W",CA,1,California
Tompkins Cortland Community College,NY,1,New York
"Torkelson, Gregory Quigley",CA,1,California
"Torres, Christopher",TX,1,Texas
Tortuga Agricultural Technologies,CO,1,Colorado
"Torvinen, Andrea",AZ,1,Arizona
Tougaloo College,MS,6,Mississippi
"Tovar Mendoza, Guadalupe",WA,1,Washington
Towson University,MD,25,Maryland
Toyota Technological Institute at Chicago,IL,11,Illinois
"Transaera, Inc.",MA,1,Massachusetts
Translational Genomics Research Instittue,AZ,1,Arizona
"Treidel, Lisa A",CA,1,California
Tremmel                 Michael        J,CT,1,Connecticut
"Triangle Biotechnology, Inc.",NC,1,North Carolina
Tribal Nations Research Group,ND,1,North Dakota
"Tribble, Carrie M",HI,1,Hawaii
Trident Technical College,SC,2,South Carolina
"Trinh, Minh-Tam Quang",IL,1,Illinois
Trinity Christian College,IL,2,Illinois
Trinity College,CT,6,Connecticut
Trinity University,TX,15,Texas
Trivium Consulting,FL,1,Florida
Trocaire College,NY,1,New York
Troy University,AL,4,Alabama
"Trubovitz, Sarah",NV,1,Nevada
Truckee Meadows Community College,NV,2,Nevada
"Trujillo, Joshua T",IN,1,Indiana
Truman State University,MO,1,Missouri
Trustees of Boston University,MA,324,Massachusetts
"Tseng, Dennis",MA,1,Massachusetts
"Tso, Rhondale",CA,1,California
"Tsosie, Ranalda L",MT,1,Montana
"Tsutsui, Martha Satoko",WA,1,Washington
"Tucker, Alexandria",FL,1,Florida
Tufts University,MA,172,Massachusetts
"Tulagan, Nestor B",CA,1,California
Tulane University,LA,111,Louisiana
Tulsa Community College,OK,1,Oklahoma
"Tuninetti, Amaro",RI,1,Rhode Island
Tunxis Community-Technical College,CT,2,Connecticut
"Turbek, Sheela",CO,1,Colorado
Turtle Mountain Community College,ND,6,North Dakota
Tuskegee University,AL,37,Alabama
Twin Cities Public Television,MN,3,Minnesota
U.S. Army Corps of Engineers,TN,4,Tennessee
"UBIQUITX, INC.",NY,1,New York
UBIROS INC.,MA,1,Massachusetts
"UCHU BIOSENSORS, INC.",MA,2,Massachusetts
UI LABS,IL,1,Illinois
"ULTINAT, INC.",NY,1,New York
ULTRASONIUM INC,MA,1,Massachusetts
ULTROPIA CORP,WA,1,Washington
"UNAR LABS, LLC",ME,1,Maine
"UNAVCO, Inc.",CO,1,Colorado
UNCAGED INNOVATIONS INC,NY,1,New York
UNIGRID INC.,CA,1,California
UNIGRID LLC,CA,1,California
UNINET LLC,CT,1,Connecticut
"UNIPHAGE, INC.",TX,1,Texas
UNITARY FUND,CA,1,California
UNITED STATES COAST GUARD ACADEMY SPONSORED PROGRAMS AND RESEARC,CT,2,Connecticut
UNIVERSITY OF ARKANSAS SYSTEM,AR,1,Arkansas
UNKNOT.ID INC.,FL,1,Florida
UNLAB LLC,GA,1,Georgia
UNLOCKED LABS INC.,WY,1,Wyoming
UNSPACE LLC,TX,1,Texas
"UPSHOT VENTURES, LLC",CO,1,Colorado
"UPSTREAM BIOTECHNOLOGY, INC.",NC,1,North Carolina
URBAN SKY THEORY INC.,CO,1,Colorado
URL TO IRL INC.,WA,1,Washington
URU THE RIGHT TO BE INC,CT,2,Connecticut
"US AIR TECH, LLC",AZ,2,Arizona
USENIX Association,WA,13,Washington
UTAH TECH UNIVERSITY,UT,3,Utah
Ulster County Community College,NY,1,New York
Underwriters Laboratories Inc.,IL,1,Illinois
"Unger, Ryan C",NJ,1,New Jersey
Union College,NY,23,New York
Union County College,NJ,1,New Jersey
"United Semiconductors, LLC",CA,1,California
United States Air Force Academy,CO,2,Colorado
United States Naval Academy,MD,6,Maryland
United States Naval Academy- DO NOT USE,MD,5,Maryland
United Tribes Technical College,ND,10,North Dakota
University Corporation For Atmospheric Res,CO,115,Colorado
University Corporation at Monterey Bay,CA,18,California
University Enterprises Corporation at CSUSB,CA,30,California
"University Enterprises, Incorporated",CA,34,California
University Industry Demonstration Partnership,SC,11,South Carolina
University System of Maryland,MD,1,Maryland
University of  Puget Sound,WA,8,Washington
University of Akron,OH,67,Ohio
University of Alabama Tuscaloosa,AL,269,Alabama
University of Alabama at Birmingham,AL,77,Alabama
University of Alabama in Huntsville,AL,81,Alabama
University of Alaska Anchorage Campus,AK,48,Alaska
University of Alaska Fairbanks Campus,AK,209,Alaska
University of Alaska Southeast Juneau Campus,AK,13,Alaska
University of Arizona,AZ,508,Arizona
University of Arkansas,AR,203,Arkansas
University of Arkansas Agricultural Experiment Station,AR,6,Arkansas
University of Arkansas Little Rock,AR,10,Arkansas
University of Arkansas Medical Sciences Campus,AR,6,Arkansas
University of Arkansas at Pine Bluff,AR,12,Arkansas
University of Baltimore,MD,2,Maryland
University of California - Merced,CA,159,California
University of California Div of Agriculture & Natural Resources,CA,1,California
"University of California, Office of the President, Oakland",CA,7,California
University of California-Berkeley,CA,657,California
University of California-Davis,CA,485,California
University of California-Irvine,CA,535,California
University of California-Los Angeles,CA,611,California
University of California-Riverside,CA,375,California
University of California-San Diego,CA,621,California
University of California-San Diego Scripps Inst of Oceanography,CA,211,California
University of California-San Francisco,CA,50,California
University of California-Santa Barbara,CA,405,California
University of California-Santa Cruz,CA,274,California
University of Central Arkansas,AR,5,Arkansas
University of Central Missouri,MO,2,Missouri
University of Central Oklahoma,OK,11,Oklahoma
University of Charleston,WV,1,West Virginia
University of Chicago,IL,500,Illinois
University of Cincinnati Main Campus,OH,188,Ohio
University of Colorado at Boulder,CO,761,Colorado
University of Colorado at Colorado Springs,CO,41,Colorado
University of Colorado at Denver,CO,45,Colorado
University of Colorado at Denver-Downtown Campus,CO,45,Colorado
University of Connecticut,CT,336,Connecticut
University of Connecticut Health Center,CT,8,Connecticut
University of Dallas,TX,1,Texas
University of Dayton,OH,34,Ohio
University of Delaware,DE,370,Delaware
University of Denver,CO,55,Colorado
University of Detroit Mercy,MI,5,Michigan
University of Dubuque,IA,1,Iowa
University of Evansville,IN,2,Indiana
University of Florida,FL,641,Florida
University of Georgia,GA,21,Georgia
University of Georgia Research Foundation Inc,GA,342,Georgia
University of Hawaii,HI,347,Hawaii
University of Hawaii at Hilo,HI,1,Hawaii
University of Houston,TX,272,Texas
University of Houston - Clear Lake,TX,12,Texas
University of Houston - Downtown,TX,8,Texas
University of Illinois at Chicago,IL,298,Illinois
University of Illinois at Springfield,IL,1,Illinois
University of Illinois at Urbana-Champaign,IL,802,Illinois
University of Indianapolis,IN,2,Indiana
University of Iowa,IA,201,Iowa
University of Kansas Center for Research Inc,KS,235,Kansas
University of Kansas Medical Center Research Institute Inc,KS,4,Kansas
University of Kentucky Research Foundation,KY,240,Kentucky
University of La Verne,CA,1,California
University of Louisiana at Lafayette,LA,66,Louisiana
University of Louisville Research Foundation Inc,KY,98,Kentucky
University of Lynchburg,VA,3,Virginia
University of Maine,ME,143,Maine
University of Maine Farmington,ME,3,Maine
University of Maine at Presque Isle,ME,1,Maine
University of Mary Washington,VA,1,Virginia
University of Maryland Baltimore County,MD,130,Maryland
University of Maryland Center for Environmental Sciences,MD,42,Maryland
University of Maryland Eastern Shore,MD,13,Maryland
University of Maryland at Baltimore,MD,12,Maryland
"University of Maryland, College Park",MD,633,Maryland
University of Massachusetts Amherst,MA,416,Massachusetts
University of Massachusetts Boston,MA,68,Massachusetts
University of Massachusetts Lowell,MA,110,Massachusetts
University of Massachusetts Medical School,MA,12,Massachusetts
"University of Massachusetts, Dartmouth",MA,66,Massachusetts
University of Memphis,TN,74,Tennessee
University of Miami,FL,167,Florida
University of Miami School of Medicine,FL,2,Florida
University of Minnesota Duluth,MN,47,Minnesota
University of Minnesota-Twin Cities,MN,671,Minnesota
University of Mississippi,MS,82,Mississippi
University of Mississippi Medical Center,MS,2,Mississippi
University of Missouri-Columbia,MO,232,Missouri
University of Missouri-Kansas City,MO,40,Missouri
University of Missouri-Saint Louis,MO,22,Missouri
University of Montana,MT,77,Montana
University of Nebraska,NE,2,Nebraska
University of Nebraska Medical Center,NE,10,Nebraska
University of Nebraska at Omaha,NE,43,Nebraska
University of Nebraska-Lincoln,NE,342,Nebraska
University of Nevada Las Vegas,NV,100,Nevada
University of New England,ME,7,Maine
University of New Hampshire,NH,136,New Hampshire
University of New Haven,CT,9,Connecticut
University of New Mexico,NM,247,New Mexico
University of New Mexico Health Sciences Center,NM,2,New Mexico
University of New Orleans,LA,23,Louisiana
University of North Alabama,AL,4,Alabama
University of North Carolina General Administration Office,NC,1,North Carolina
University of North Carolina Greensboro,NC,62,North Carolina
University of North Carolina at Asheville,NC,6,North Carolina
University of North Carolina at Chapel Hill,NC,366,North Carolina
University of North Carolina at Charlotte,NC,179,North Carolina
University of North Carolina at Pembroke,NC,3,North Carolina
University of North Carolina at Wilmington,NC,39,North Carolina
University of North Dakota Main Campus,ND,49,North Dakota
University of North Florida,FL,18,Florida
University of North Georgia,GA,10,Georgia
University of North Texas,TX,151,Texas
University of North Texas Health Science Center at Fort Worth,TX,8,Texas
University of Northern Colorado,CO,11,Colorado
University of Northern Iowa,IA,18,Iowa
University of Notre Dame,IN,364,Indiana
University of Oklahoma Health Sciences Center,OK,5,Oklahoma
University of Oklahoma Norman Campus,OK,254,Oklahoma
University of Oregon Eugene,OR,251,Oregon
University of Pennsylvania,PA,365,Pennsylvania
University of Pittsburgh,PA,359,Pennsylvania
University of Portland,OR,6,Oregon
University of Redlands,CA,1,California
University of Rhode Island,RI,159,Rhode Island
University of Richmond,VA,11,Virginia
University of Rochester,NY,209,New York
University of Saint Mary,KS,2,Kansas
University of Saint Thomas,TX,2,Texas
University of San Diego,CA,30,California
University of San Francisco,CA,10,California
University of Scranton,PA,19,Pennsylvania
University of South Alabama,AL,56,Alabama
University of South Carolina at Columbia,SC,263,South Carolina
University of South Dakota Main Campus,SD,33,South Dakota
University of South Florida,FL,235,Florida
University of Southern California,CA,483,California
University of Southern Indiana,IN,5,Indiana
University of Southern Maine,ME,8,Maine
University of Southern Mississippi,MS,51,Mississippi
University of St. Thomas,MN,17,Minnesota
University of Tampa,FL,5,Florida
University of Tennessee Chattanooga,TN,42,Tennessee
University of Tennessee Institute of Agriculture,TN,10,Tennessee
University of Tennessee Knoxville,TN,304,Tennessee
University of Tennessee Martin,TN,3,Tennessee
University of Tennessee Space Institute,TN,3,Tennessee
University of Texas Health Science Center San Antonio,TX,2,Texas
University of Texas Medical Branch at Galveston,TX,7,Texas
University of Texas Southwestern Medical Center,TX,15,Texas
University of Texas at Arlington,TX,181,Texas
University of Texas at Austin,TX,842,Texas
University of Texas at Dallas,TX,242,Texas
University of Texas at El Paso,TX,142,Texas
University of Texas at San Antonio,TX,161,Texas
University of Texas at Tyler,TX,11,Texas
University of Texas of the Permian Basin,TX,5,Texas
"University of Texas, M.D. Anderson Cancer Center",TX,7,Texas
University of The Incarnate Word,TX,3,Texas
University of Toledo,OH,55,Ohio
University of Toledo Health Science Campus,OH,2,Ohio
University of Tulsa,OK,28,Oklahoma
University of Utah,UT,509,Utah
University of Vermont & State Agricultural College,VT,108,Vermont
University of Virginia Main Campus,VA,411,Virginia
University of Washington,WA,936,Washington
University of West Alabama,AL,2,Alabama
University of West Florida,FL,16,Florida
University of West Georgia,GA,5,Georgia
University of Wisconsin-Eau Claire,WI,15,Wisconsin
University of Wisconsin-Green Bay,WI,3,Wisconsin
University of Wisconsin-La Crosse,WI,8,Wisconsin
University of Wisconsin-Madison,WI,822,Wisconsin
University of Wisconsin-Milwaukee,WI,71,Wisconsin
University of Wisconsin-Oshkosh,WI,4,Wisconsin
University of Wisconsin-Parkside,WI,4,Wisconsin
University of Wisconsin-Platteville,WI,7,Wisconsin
University of Wisconsin-River Falls,WI,5,Wisconsin
University of Wisconsin-Stevens Point,WI,2,Wisconsin
University of Wisconsin-Stout,WI,4,Wisconsin
University of Wisconsin-Superior,WI,1,Wisconsin
University of Wisconsin-Whitewater,WI,5,Wisconsin
University of Wyoming,WY,136,Wyoming
University of the Pacific,CA,15,California
University of the South,TN,2,Tennessee
University of the Southwest,NM,1,New Mexico
"Unzueta Martinez, Andrea",MA,1,Massachusetts
"Unzueta, Pablo Andres",CA,1,California
Upper Iowa University,IA,1,Iowa
Urbanova,WA,1,Washington
Ursinus College,PA,8,Pennsylvania
Utah State University,UT,138,Utah
Utah Valley University,UT,10,Utah
Utica College,NY,3,New York
V1 ENGINEERING LLC,WA,1,Washington
"VALCON LABS, INC.",CA,1,California
VALGOTECH LLC,IN,2,Indiana
VAPOR CELL TECHNOLOGIES LLC,CO,2,Colorado
VARIABLES MACHINES COMPANY,MA,1,Massachusetts
"VASOGNOSIS, INC.",WI,1,Wisconsin
"VAXFORM, LLC",PA,1,Pennsylvania
VAYUH INC,CA,1,California
"VCREATE, INC.",CA,2,California
"VECTECH, LLC",MD,2,Maryland
VECTORWAVE CORPORATION,MA,1,Massachusetts
"VELLEX COMPUTING, INC.",CA,1,California
"VENA VITALS, INC.",CA,2,California
"VENARUM MEDICAL, LLC",NJ,1,New Jersey
VENCE CORP,CA,1,California
"VERANTOS, INC.",CA,1,California
VERBOSO LLC,PA,1,Pennsylvania
"VERDOX, INC.",MA,1,Massachusetts
"VERISIM LIFE, INC.",CA,1,California
"VERPOND, INC.",CA,1,California
VETERANS EDUCATION AND RESEARCH ASSOCIATION OF NORTHERN NEW ENGL,VT,1,Vermont
VIADUCT TECHNOLOGIES LLC,WV,1,West Virginia
VIANAIR INC.,FL,1,Florida
VIAT SERVICES LLC,FL,1,Florida
VIATECHNIK LLC,IL,1,Illinois
"VICTORY OVER CARBON, INC.",DE,2,Delaware
"VINE MEDICAL, INC.",CA,1,California
VIREO ADVISORS LLC,MA,1,Massachusetts
VIRGINIA BIOTECHNOLOGY RESEARCH PARK,VA,1,Virginia
VIRIDIAN SPACE CORPORATION,CA,1,California
VIRTUAL APPRENTICE LLC,MD,1,Maryland
VIRTUAL COLLABORATION RESEARCH INC.,MA,1,Massachusetts
VISICELL MEDICAL INC.,CA,1,California
"VISIONAIRE PRODUCTS, INC",PA,2,Pennsylvania
"VITIDORE, INC.",WA,2,Washington
VITRO3D INC.,CO,2,Colorado
VIVIFI MEDICAL LLC,TX,2,Texas
VIVOSPHERE LLC,AL,1,Alabama
VOLANT AERIAL INC,AZ,1,Arizona
"VOLEXION, INC.",IL,1,Illinois
VOLTA ENERGY INC,MA,1,Massachusetts
VOLTELA INC,NY,2,New York
VORTEX SPACE SYSTEMS LLC,MD,1,Maryland
VRIENDS CORP,CA,1,California
"VSORTS, INC",VA,2,Virginia
"VUEMEN, INC.",WA,1,Washington
"VYNANCE TECHNOLOGIES, LLC",WY,1,Wyoming
VYTAL PLANT SCIENCE RESEARCH,PA,1,Pennsylvania
"Vaelli, Patric",MA,1,Massachusetts
"Valdez-Moreira, Juan Alfonso",IN,1,Indiana
Valdosta State University,GA,7,Georgia
Valencia Community College,FL,4,Florida
"Valenti, Jessica Lauren",NJ,1,New Jersey
"Valenza, Jeffery Michael",IN,1,Indiana
"Vallejo, Daniel D",MI,1,Michigan
Valley City State University,ND,1,North Dakota
Valparaiso University,IN,12,Indiana
Van Andel Research Institute,MI,3,Michigan
"Van Etten, Julia",NJ,1,New Jersey
"VandeBogert, Keller",SC,1,South Carolina
Vanderbilt University,TN,273,Tennessee
Vanderbilt University Medical Center,TN,15,Tennessee
"Vargas, Karla Leonor",AZ,1,Arizona
VargasPallete           Franco         E,CT,1,Connecticut
"Vashaw, Kent Barton",LA,1,Louisiana
Vassar College,NY,11,New York
"Vasudevan, Sahana",MA,1,Massachusetts
Vaughn College of Aeronautics and Technology,NY,1,New York
"Vavagiakis, Eve Marie",NY,1,New York
"Vaxess Technologies, Inc.",MA,1,Massachusetts
"Vazquez, Juan Manuel",IL,1,Illinois
"Veling, Michael T",MA,1,Massachusetts
"Vemulapalli, Sameera",NJ,1,New Jersey
"Venkataraman, Yaamini Ranjani",MA,1,Massachusetts
"Venuto, Alexandra C",NC,1,North Carolina
"Vera, Frank",FL,1,Florida
Veramorph LLC,MA,2,Massachusetts
"Verster, Kirsten Isabel",CA,1,California
ViQi LLC,CA,2,California
ViSUS LLC,UT,1,Utah
Victor Valley College,CA,1,California
"Vigdorovich, Itamar Daniel",CA,1,California
Villanova University,PA,71,Pennsylvania
Villatoro               Joel           D,OK,1,Oklahoma
"Vimaan Robotics, Inc.",CA,1,California
Vinci-Booher            Sophia,IN,1,Indiana
"Vindas Melendez, Andres Rodolfo",CA,1,California
"Vinton, Anna Christina",CT,1,Connecticut
Virginia Commonwealth University,VA,104,Virginia
Virginia Polytechnic Institute and State University,VA,645,Virginia
Virginia State University,VA,18,Virginia
Virginia Union University,VA,3,Virginia
Virginia Wesleyan University,VA,2,Virginia
Virginia Western Community College,VA,1,Virginia
Virolock Technologies Limited Liability Company,PA,1,Pennsylvania
"Visher, Elisa",CA,1,California
Vishwamitra Research Institute,IL,2,Illinois
"Vitanova Biomedical, Inc.",TX,1,Texas
Vivoz Biolabs LLC,NY,1,New York
Voorhees College,SC,2,South Carolina
"Vulcan Biologics, Inc.",CA,2,California
"Vuletich, Heidi A",IN,1,Indiana
W E Upjohn Institute for Employment Research,MI,1,Michigan
W1FB US MILITARY ACADEMY,NY,3,New York
WAIHOME LLC,HI,2,Hawaii
"WALIA, RAMPYARI",CA,1,California
WASHINGTON FOUNDRY S.P.C. INC.,WA,1,Washington
WATER ILLUMINATION INC,CA,1,California
WATER INTELLIGENCE LLC,WI,1,Wisconsin
WATERUS LLC,SC,1,South Carolina
"WAVE LOGIX, INC.",IN,2,Indiana
WAVE LUMINA LLC,MI,1,Michigan
"WAVEARRAY ANTIFOULING SYSTEMS, LLC",FL,2,Florida
"WAVERLEY CREATIONS, INC.",CA,1,California
WAYFARER AIRCRAFT RESEARCH AND DEVELOPMENT INC.,CA,1,California
"WEARABLE DEFENSE, LLC",NC,1,North Carolina
WEAV3D Inc.,GA,1,Georgia
WEEL AUTONOMY INC.,WA,1,Washington
WEKA BIOSCIENCES LLC,NM,1,New Mexico
"WELT BIO-MOLECULAR PHARMACEUTICAL, LLC",NY,1,New York
WESTERN WYOMING COMMUNITY COLLEGE DISTRICT,WY,1,Wyoming
WESTMINSTER UNIVERSITY,UT,4,Utah
WESTWOOD AEROGEL CO.,CA,1,California
"WETX, INC.",UT,2,Utah
WGBH Educational Foundation,MA,7,Massachusetts
WHITE DWARF RESEARCH CORP,CO,2,Colorado
WHITE ROCK THERAPEUTICS,TX,1,Texas
WICHITA STATE UNIVERSITY CAMPUS OF APPLIED SCIENCES & TECHNOLOGY,KS,1,Kansas
WICKED CO-OP LCA,WA,1,Washington
WILD ME,OR,1,Oregon
WILD MICROBES CO,MA,1,Massachusetts
WILDLIFE IMAGING SYSTEMS LLC,VT,2,Vermont
"WILDLIFE PROTECTION MANAGEMENT, INC.",NM,1,New Mexico
"WILLIAMS, CLARA",CA,1,California
WILO NETWORKS INC.,KY,2,Kentucky
"WINDOW THERAPEUTICS, INC.",MA,2,Massachusetts
WINDSCAPEAI LLC,CA,1,California
"WINDWARD ENGINEERING, L.C.",UT,1,Utah
WINTER INNOVATIONS INC.,TN,2,Tennessee
WNET,NY,1,New York
WOLFZYC LLC,CA,1,California
WORD OF MOUTH TECHNOLOGIES INC.,NV,1,Nevada
WORKERS FIRST LLC,PA,1,Pennsylvania
"WRIGHTGUARD INNOVATIONS CORPORATION, THE",MD,1,Maryland
"WUI-GO, LLC",DE,2,Delaware
"WURQ, INC.",MA,1,Massachusetts
WYMO LLC,WA,1,Washington
"WYONANO, LLC",WY,1,Wyoming
Wabash College,IN,4,Indiana
"Wacker, Kristen Suzanne",MI,1,Michigan
"Wagner, Nathan A",MO,1,Missouri
"Waingarten, Erik A",NY,1,New York
Wake Forest University,NC,39,North Carolina
Wake Forest University School of Medicine,NC,12,North Carolina
Wake Technical Community College,NC,9,North Carolina
"Walker, Samantha",NY,1,New York
Walla Walla University,WA,1,Washington
"Wallace, Kelly J",TX,1,Texas
"Walsman, Jason",IN,1,Indiana
"Waltzer, Talia",CA,1,California
"Wang, Danielle Yutian",MA,1,Massachusetts
"Wang, Joshua Xu",MA,1,Massachusetts
"Wang, Luya",CA,1,California
"Ward, Abigail R",MA,1,Massachusetts
"Warman, Cedar Dale",AZ,1,Arizona
Warren Wilson College,NC,1,North Carolina
Washburn University of Topeka,KS,1,Kansas
Washington College,MD,2,Maryland
Washington State University,WA,209,Washington
Washington University,MO,335,Missouri
Washington and Jefferson College,PA,1,Pennsylvania
Washington and Lee University,VA,8,Virginia
"Waterman, Tyler Steven",NC,1,North Carolina
Waubonsee Community College,IL,1,Illinois
Wayland Baptist College,TX,1,Texas
Wayne State College,NE,2,Nebraska
Wayne State University,MI,124,Michigan
"Weaver, Joseph Earl",NC,1,North Carolina
"Weaver, Lucas N",WA,1,Washington
"Webb, Rachel",MI,1,Michigan
Weber State University,UT,9,Utah
Webster University,MO,3,Missouri
"Webster, Megan",NY,1,New York
"Wedel, Emily R",IN,1,Indiana
"Weigel, Brooke L",WA,1,Washington
"Weilacher, Felix",PA,1,Pennsylvania
"Weiler, Morgan",TX,1,Texas
"Weinreich, Max H",RI,1,Rhode Island
"Weinstein, Madeleine",CA,1,California
"Weisman, Theodore",TX,1,Texas
Wellesley College,MA,20,Massachusetts
Wellons                 Sarah          A,MA,1,Massachusetts
Wenatchee Valley College,WA,1,Washington
Wentworth Institute of Tech,MA,3,Massachusetts
Wesleyan College,GA,1,Georgia
Wesleyan University,CT,29,Connecticut
West Chester University of Pennsylvania,PA,16,Pennsylvania
West Hills Community College,CA,1,California
West Los Angeles College,CA,1,California
West Texas A&M University,TX,12,Texas
West Virginia State University,WV,2,West Virginia
West Virginia University Research Corporation,WV,175,West Virginia
West Virginia University at Parkersburg,WV,1,West Virginia
WestEd,CA,16,California
Westat Inc,MD,4,Maryland
Westchester Community College,NY,2,New York
"Westeen, Erin",CA,1,California
Western Carolina University,NC,10,North Carolina
Western Colorado University,CO,5,Colorado
Western Connecticut State University,CT,1,Connecticut
Western Illinois University,IL,2,Illinois
Western Interstate Commission for Higher Education,CO,1,Colorado
Western Kentucky University,KY,11,Kentucky
Western Michigan University,MI,54,Michigan
Western New England University,MA,9,Massachusetts
Western New Mexico University,NM,1,New Mexico
Western Oregon University,OR,1,Oregon
Western University of Health Sciences,CA,3,California
Western Washington University,WA,101,Washington
Westfield State College,MA,3,Massachusetts
Westmont College,CA,3,California
"Westrick, Sarah E",MI,1,Michigan
"Westwick, Rebecca Renee",IN,1,Indiana
"Westwood, Mary Lynn",OH,1,Ohio
"Whalen, Christopher Daniel",CT,1,Connecticut
Whatcom Community College,WA,6,Washington
Wheaton College,IL,2,Illinois
White Earth Tribal and Community College,MN,1,Minnesota
"White, Dawson M",IL,1,Illinois
Whitehead Institute for Biomedical Research,MA,3,Massachusetts
Whitman College,WA,7,Washington
Whitworth University,WA,5,Washington
WiSys Technology Foundation Inc,WI,1,Wisconsin
Wichita State University,KS,46,Kansas
"Wickell, David A",NY,1,New York
Widener University,PA,7,Pennsylvania
Wield LLC,CA,1,California
"Wijewardena, Niyomi",FL,1,Florida
"Wilber, Heather Denise",NY,1,New York
WildSpark Technologies,TX,1,Texas
Wilkes University,PA,5,Pennsylvania
Willamette University,OR,5,Oregon
William Jewell College,MO,2,Missouri
William Marsh Rice University,TX,380,Texas
William Paterson University,NJ,9,New Jersey
William Rainey Harper College,IL,3,Illinois
Williams College,MA,43,Massachusetts
"Williams, Bethany L",OH,1,Ohio
"Williams-Simon, Patricka",MO,1,Missouri
"Williamson, Jessie L",NM,1,New Mexico
"Willoughby, Andrew C",NC,1,North Carolina
"Wilson, Cedric C",CT,1,Connecticut
"Wilson, Jacob Dean",MD,1,Maryland
"Wilson, Kurt M",UT,1,Utah
"Wilson, Stephanie J",VA,1,Virginia
"Wimberly, Maria Kathleen Rodriguez",CA,1,California
Winona State University,MN,4,Minnesota
"Winsor, Karl G",MA,1,Massachusetts
Winston-Salem State University,NC,25,North Carolina
Winston-Salem/Forsyth County Schools,NC,1,North Carolina
Winthrop University,SC,8,South Carolina
Wiregrass Georgia Technical College,GA,1,Georgia
Wisconsin Lutheran College,WI,1,Wisconsin
"Wissler, Amanda",AZ,1,Arizona
Wistar Institute,PA,3,Pennsylvania
Wittenberg University,OH,4,Ohio
Wofford College,SC,1,South Carolina
"Wolfram, Catherine Cawley",MA,1,Massachusetts
"Woltz, Christina Rose",CA,1,California
"Wong, Juliet Marie",FL,1,Florida
"Woo, Katharine Huiwen",NJ,1,New Jersey
Woods Hole Oceanographic Institution,MA,329,Massachusetts
"Woodwell Climate Research Center, Inc.",MA,22,Massachusetts
"Woodworth, Daniel",TX,1,Texas
"Woolley, Charles Henrik",CA,1,California
Wor-Wic Community College,MD,1,Maryland
Worcester Polytechnic Institute,MA,154,Massachusetts
Worcester State University,MA,6,Massachusetts
"Wostbrock, Jordan",NM,1,New Mexico
"Wrensford, Kwasi C",CA,1,California
Wright State University,OH,20,Ohio
"Wright, Esteban",NY,1,New York
"Wu, Jane H",CA,1,California
"Wuensch, Matthew A",OH,1,Ohio
"Wylie, Jordan",MA,1,Massachusetts
X-SIGHT INCORPORATED,MA,2,Massachusetts
"XAVIER OPTICS, INC.",CA,1,California
XFlow Energy Company,WA,1,Washington
XHEME INC.,MA,3,Massachusetts
XIMPATICO INC.,CA,1,California
"XL BATTERIES, INC",MA,2,Massachusetts
"XMD DIAGNOSTICS, INC.",MD,2,Maryland
XMIZE LLC,VA,1,Virginia
XN HEALTH INC.,NJ,1,New Jersey
XONA SPACE SYSTEMS INC.,CA,2,California
"XTRACT MEDICAL, INC.",CO,1,Colorado
Xavier University,OH,1,Ohio
Xavier University of Louisiana,LA,19,Louisiana
"Xiong, Tianzhu",NY,1,New York
Xonotiv LLC,WA,1,Washington
Xplosion Technology Corporation,TX,1,Texas
"Xu, Yujie",MA,1,Massachusetts
"YANK TECHNOLOGIES, INC.",NY,2,New York
YARD STICK PBC,DE,1,Delaware
"YEBOAH, AMY",MD,1,Maryland
"YERBA BUENA VR, INC.",GA,2,Georgia
"YEUNG, Matthew",MA,1,Massachusetts
YOLO IMMUNE INC,CA,1,California
YONA CARE LLC,CA,1,California
YOTTA LABS INC,WA,1,Washington
Yakima Valley Community College,WA,2,Washington
Yale University,CT,391,Connecticut
"Yang, David H",MA,1,Massachusetts
"Yang, Kevin",CA,1,California
"Yap-Chiongco, Meghan K",AL,1,Alabama
"Yazzie, Kimberly",WA,1,Washington
"Yero, Carlos",VA,1,Virginia
Yeshiva University,NY,8,New York
"Yeung, Elaine",CA,1,California
"Yezzi Woodley, Katrina E",MN,1,Minnesota
YouV Labs,NY,1,New York
"Young People's Project, Inc.",MA,2,Massachusetts
"Young, Giorgio",TX,1,Texas
"Young, Soleil E",WI,1,Wisconsin
Youngstown State University,OH,14,Ohio
"Youssef, Maro",CA,1,California
"Yuan, Allen",MA,1,Massachusetts
Yukon River Inter-Tribal Watershed Council,AK,4,Alaska
"Z-POLYMERS, LLC",MA,1,Massachusetts
ZANET ANALYTICS CORPORATION,PA,1,Pennsylvania
"ZBEATS, INC",NY,1,New York
ZEALOUS RESEARCH LLC,NY,1,New York
ZEBRAMD INC.,CA,1,California
ZENOLEAP LLC,KS,2,Kansas
"ZEPHYR INNOVATIONS, INC.",MA,1,Massachusetts
"ZEPSOR TECHNOLOGIES, INC.",MA,1,Massachusetts
ZIKER ENTERPRISES LLC,CA,2,California
"ZIN TECHNOLOGIES, INC",OH,1,Ohio
"ZINN LABS, INC.",CA,2,California
ZITECHNOLOGIES INC.,MI,1,Michigan
ZQAI LLC,IL,1,Illinois
ZS SYSTEMS LLC,IN,2,Indiana
ZSENSE SYSTEMS LLC,OH,1,Ohio
ZYMOSENSE INC.,IA,1,Iowa
Zaiput Flow Technologies LLC,MA,2,Massachusetts
"Zamary, Amanda",NC,1,North Carolina
Zane State College,OH,1,Ohio
"ZelosDx, Inc.",AZ,1,Arizona
Zenobia Therapeutics,CA,1,California
"ZeoVation, Inc.",OH,1,Ohio
"ZestBio, Inc.",LA,1,Louisiana
"Zeteo Tech, Inc.",MD,1,Maryland
"Zhang, Marianna",CA,1,California
"Zhang, Robin",NY,1,New York
"Zhao, Zixu",CA,1,California
"Zhou, Andy",CA,1,California
"Zipple, Matthew",NC,1,North Carolina
"Zolkos, Scott P",MA,1,Massachusetts
"Zonana, David Michael",CO,1,Colorado
Zoological Society of San Diego,CA,1,California
"Zubrilina, Nina",NJ,1,New Jersey
alpha-En Corporation,NY,1,New York
"bosWell, Inc.",RI,1,Rhode Island
"deGraffenried, Rebecca",HI,1,Hawaii
eSens LLC,OH,1,Ohio
"framergy, Inc.",TX,1,Texas
"hammonds, trajan",NJ,1,New Jersey
iTherapy LLC,CA,2,California
"martinez, vladimir A",NJ,1,New Jersey
mathbrix llc,MO,1,Missouri
nView medical Inc.,UT,1,Utah
qBraid Co.,IL,1,Illinois
"rick, Jessica A",WY,1,Wyoming
spotLESS Materials Inc.,PA,1,Pennsylvania
